article,noun,plural,english
die,Kapelle,Kapellen,Chapel
der,Speer,Speere,Spear
die,Funktion,Funktionen,Function
der,Gelehrte,Gelehrten,Scholar
der,Spatz,Spatzen,Sparrow
das,Mitleid,kein Pl.,Pity
die,Luft,kein Pl.,Air
die,Autobahn,Autobahnen,Freeway/Highway
die,Bandbreite,Bandbreiten,Range
der,Schritt,Schritte,Step
das,Kanu,Kanus,Canoe
der,Franzose,Franzosen,French
das,Enkelkind,Enkelkinder,Grandchild
die,E-Mail,E-Mails,EMail
der,Dichter,Dichter,Poet
der,Durchschnitt,Durchschnitte,Average/Mean
die,Kommission,Kommissionen,Commission
die,Zustimmung,Zustimmungen,Approval
das,Wörterbuch,Wörterbücher,Dictionary
die,Öffnung,Öffnungen,Opening
die,Jugend,kein Pl.,Youth
die,Naht,Nähte,Seam
die,Krume,Krumen,Crumb
die,Patrouille,Patrouillen,Patrol
die,Untertasse,Untertassen,Saucer
das,Beispiel,Beispiele,Example
die,Forschung,kein Pl.,Research
die,Lounge,Lounges,Lounge
der,Kobold,Kobolde,Goblin
die,Matratze,Matratzen,Mattress
die,Traube,Trauben,Grape
der,Aspekt,Aspekte,Aspect
der,Computer,Computer,Computer
der,Clan,Clans,Clan
die,Schmerzen,Schmerzen,Pang
der,Lebensmittel,Lebensmittel,Grocery
der,Becher,Becher,Mug
die,Gelegenheit,Gelegenheiten,Opportunity
die,Beerdigung,Beerdigungen,Burial/Funeral
die,Antwort,Antworten,Answer/Reply
der,Bleistift,Bleistifte,Pencil
die,Katze,Katzen,Cat
die,Anerkennung,kein Pl.,Recognition
das,Tanzen,kein Pl.,Dancing
das,Parfüm,Parfüms,Perfume
das,Versteck,Verstecke,Hide
der,Rubin,Rubine,Ruby
der,Ziegel,Ziegel,Brick
der,Eingang,Eingänge,Entrance
die,Tatsache,Tatsachen,Fact
der,Bluterguss,Blutergüsse,Bruise
das,Poster,Poster,Poster
das,Papier,Papiere,Paper
der,Favorit,Favoriten,Favorite
das,Kreuz,Kreuze,Cross
das,Prinzip,Prinzipien,Principle
der,Handel,Handel,Trade
die,Lüge,Lügen,Lie
der,Kragen,Kragen,Collar
die,Daune,Daunen,Down
das,Tor,Tore,Gate/Goal
der,Vater,Väter,Father/Dad
die,Kneipe,Kneipen,Pub
der,Rausch,Räusche,Rush
die,Pfütze,Pfützen,Puddle
die,Tugend,Tugenden,Virtue
das,Bett,Betten,Bed
der,Bauch,Bäuche,Belly
der,Ball,Bälle,Ball
die,Anwendung,Anwendungen,Application
das,Leinen,kein Pl.,Linen
die,Rechnung,Rechnungen,Bill
die,Ampel,Ampeln,Traffic Light
die,Tastatur,Tastaturen,Keyboard
das,Dokument,Dokumente,Document
der,Aufwand,Aufwände,Effort
das,Flanell,Flanell,Flannel
das,Meerschweinchen,Meerschweinchen,Guinea Pig
der,Stern,Sterne,Star/Stern
der,Rahmen,Rahmen,Frame
der,Enkel,Enkel,Grandson
die,Attraktion,Attraktionen,Attraction
der,Hang,Hänge,Slope
das,Futter,kein Pl.,Feed
das,Ankleiden,kein Pl.,Dressing
die,Mathematik,kein Pl.,Math
das,Kapitel,Kapitel,Chapter
die,Ranch,Ranches,Ranch
die,Struktur,Strukturen,Structure
das,Tageslicht,kein Pl.,Daylight
der,Fehler,Fehler,Error/Fault
die,Wahrheit,Wahrheiten,Truth
der,Leser,Leser,Reader
die,Wildnis,kein Pl.,Wilderness
der,Ritter,Ritter,Knight
der,Saum,Säume,Hem
die,Aktivität,Aktivitäten,Activity
die,Zeit,Zeiten,Time
das,Fernglas,Ferngläser,Binoculars
der,Regisseur,Regisseure,Director
die,Nichte,Nichten,Niece
der,Nachbar,Nachbarn,Neighbor
die,Säure,Säuren,Acid
das,Eichhörnchen,Eichhörnchen,Squirrel
der,Kumpel,Kumpel,Buddy
das,Material,Materialien,Material
die,Cola,kein Pl.,Coke
der,Seufzer,Seufzer,Sigh
der,Druck,Drücke,Pressure/Print
die,Kapazität,Kapazitäten,Capacity
der,Wohnsitz,Wohnsitze,Residence
die,Aufmerksamkeit,kein Pl.,Attention
der,Ruhestand,kein Pl.,Retirement
die,Ausnahme,Ausnahmen,Exception
das,Bildung,kein Pl.,Education
der,Hirte,Hirten,Shepherd
die,Ratte,Ratten,Rat
der,Schluck,Schlucke,Sip
der,Tiger,Tiger,Tiger
die,Zigarette,Zigaretten,Cigarette
der,Minister,Minister,Minister
die,Illusion,Illusionen,Illusion
der,Boxer,Boxer,Boxer
die,Expedition,Expeditionen,Expedition
die,Stärke,Stärken,Strength
der,Schnaps,Schnäpse,Liquor
der,Park,Parks,Park
die,Abdeckung,Abdeckungen,Cover
die,Existenz,kein Pl.,Existence
die,Dichtung,Dichtungen,Seal
die,Furcht,kein Pl.,Dread
der,Lavendel,kein Pl.,Lavender
das,Phänomen,Phänomene,Phenomenon
der,Totschlag,Totschläge,Homicide
der,Übersetzer,Übersetzer,Translator
die,Liga,Ligen,League
die,Perle,Perlen,Bead/Pearl
der,Feldwebel,Feldwebel,Sergeant
der,Stiefel,Stiefel,Boot
der,Vampir,Vampire,Vampire
die,Wahrnehmung,Wahrnehmungen,Perception
die,Physik,kein Pl.,Physics
der,Reis,kein Pl.,Rice
das,Skript,Skripte,Script
die,Reparatur,Reparaturen,Repair
die,Statue,Statuen,Statue
das,Sitzen,kein Pl.,Sitting
der,Engel,Engel,Angel
die,Belüftung,Belüftungen,Vent
der,Narr,Narren,Fool
das,Waschbecken,Waschbecken,Sink
das,Seil,Seile,Rope
die,Richtung,Richtungen,Direction
die,Bestrafung,Bestrafungen,Punishment
das,Risiko,Risiken,Risk
die,Fliese,Fliesen,Tile
der,Einwand,Einwände,Objection
der,Dinosaurier,Dinosaurier,Dinosaur
die,Wiederherstellung,Wiederherstellungen,Recovery
die,Versorgung,Versorgungen,Supply
der,Hersteller,Hersteller,Maker
die,Ladung,Ladungen,Cargo/Load
der,Eingeborene,Eingeborenen,Native
die,Villa,Villen,Mansion
das,Menü,Menüs,Menu
die,Bemerkung,Bemerkungen,Remark
die,Division,Divisionen,Division
das,Imperium,Reiche,Empire
die,Axt,Äxte,Axe
die,Umwelt,Umwelten,Environment
der,Kristall,Kristalle,Crystal
die,Bucht,Buchten,Bay
das,Abenteuer,Abenteuer,Adventure
der,Terrorist,Terroristen,Terrorist
die,Höhe,Höhen,Height
die,Bibliothek,Bibliotheken,Library
die,Umarmung,Umarmungen,Embrace/Hug
der,Anstieg,Anstiege,Rise
das,Lebewesen,Lebewesen,Creature
die,Kuppel,Kuppeln,Dome
der,Verbrecher,Verbrecher,Criminal
der,Dummkopf,Dummköpfe,Patsy
der,Drache,Drachen,Dragon
die,Not,kein Pl.,Distress
der,Baseball,Baseballs,Baseball
der,Carter,Carter,Carter
die,Anwesenheit,kein Pl.,Presence
die,Bekanntschaft,Bekanntschaften,Acquaintance
die,Seite,Seiten,Page/Side
das,Erdbeben,Erdbeben,Earthquake
der,Rohrkolben,Rohrkolben,Reed
der,Zapfen,Zapfen,Peg
der,Mittagsschlaf,Mittagsschläfe,Nap
der,Kontakt,Kontakte,Contact
die,Glocke,Glocken,Bell
das,Timing,Timingen,Timing
die,Lobby,Lobbys,Lobby
der,Code,Codes,Code
die,Wärme,kein Pl.,Warmth
die,Silbe,Silben,Syllable
der,Techniker,Techniker,Technician
der,Stock,Stöcke,Cane/Stick
der,Sport,Sportarten,Sport
der,Ehemann,Ehemänner,Husband
der,Generator,Generatoren,Generator
die,Feier,Feiern,Celebration
das,Tennis,kein Pl.,Tennis
die,Vorfreude,kein Pl.,Anticipation
die,Nation,Nationen,Nation
das,Gebäudekomplex,Gebäudekomplexe,Complex
der,Biss,Bisse,Bite
der,Stromkreis,Stromkreise,Circuit
das,Gelenk,Gelenke,Joint/Knuckle
die,Faust,Fäuste,Fist
der,Gouverneur,Gouverneure,Governor
der,Tänzer,Tänzer,Dancer
die,Flüssigkeit,Flüssigkeiten,Fluid/Liquid
das,Ego,Egos,Ego
die,Rebe,Reben,Vine
die,Süße,kein Pl.,Sweet
die,Gruppe,Gruppen,Group
das,Fahrrad,Fahrräder,Bicycle
das,Badezimmer,Badezimmer,Bathroom
die,Abbiegung,Abbiegungen,Turning
die,Zukunft,Zukunft,Future
die,Verbreitung,Verbreitungen,Spread
das,Mitgefühl,kein Pl.,Compassion/Sympathy
die,Birke,Birken,Birch
die,Pfeife,Pfeifen,Pipe/Whistle
der,Zufall,Zufälle,Coincidence
die,Lücke,Lücken,Gap
der,Priester,Priester,Priest
der,Index,Indizes,Index
die,Hölle,kein Pl.,Hell
der,Cocktail,Cocktails,Cocktail
der,Zahnarzt,Zahnärzte,Dentist
der,Appell,Appelle,Plea
die,Mülldeponie,Mülldeponien,Dump
der,Schlamm,kein Pl.,Mud
der,Bach,Bäche,Creek
der,Bauer,Bauern,Farmer/Peasant
der,Lohn,Löhne,Pay
das,Abteil,Abteile,Compartment
die,Grille,Grillen,Cricket
die,Taverne,Tavernen,Tavern
das,Getriebe,Getriebe,Gear
die,Konsole,Konsolen,Console
das,Jahr,Jahre,Year
das,Treffen,Treffen,Gathering/Meeting
der,Kaugummi,Kaugummis,Gum
das,Visier,Visiere,Visor
der,Witz,Witze,Joke/Wit
die,Gefriertruhe,Gefriertruhen,Freezer
der,Süden,kein Pl.,South
der,Titel,Titel,Title
das,Kasino,Kasinos,Casino
der,Klumpen,Klumpen,Clump/Hank
das,Öl,kein Pl.,Oil
die,Hälfte,Hälften,Half
das,Juwel,Juwelen,Jewel
das,Jubiläum,Jubiläen,Anniversary
die,Veranda,Veranden,Porch
das,Publikum,kein Pl.,Audience
die,Einrichtung,Einrichtungen,Facility
die,Identität,Identitäten,Identity
das,Meer,Meere,Sea
das,Leder,kein Pl.,Leather
die,Poesie,kein Pl.,Poetry
der,Sänger,Sängerinnen,Singer
das,Sprichwort,Sprichwörter,Saying
das,Ostern,kein Pl.,Easter
die,Krone,Kronen,Crown
die,Schwimmhilfe,Schwimmhilfen,Float
das,Schach,kein Pl.,Chess
die,Konvention,Konventionen,Convention
die,Hose,Hosen,Hose/Pant
das,Treppenhaus,Treppenhäuser,Stairwell
das,Verfahren,Verfahren,Procedure
die,Firma,Firmen,Firm
die,Hütte,Hütten,Cottage/Shack
der,Holster,Holster,Holster
der,Teller,Teller,Plate/Platter
der,Kreis,Kreise,Circle
der,Fuß,Füße,Foot
der,Saft,Säfte,Juice
die,Fiktion,kein Pl.,Fiction
die,Leichtigkeit,kein Pl.,Ease
die,Stirnrunzeln,Stirnrunzeln,Frown
der,Rock,Röcke,Skirt
die,Lava,Lava,Lava
das,Feuer,Feuer,Fire
der,Sessel,Sessel,Armchair
der,Direktor,Direktoren,Principal
das,Veilchen,Veilchen,Violet
die,Wette,Wetten,Bet
die,Banane,Bananen,Banana
die,Übertragung,Übertragungen,Transmission
die,Kunst,kein Pl.,Art
die,Zigarre,Zigarren,Cigar
der,Schüler,Schüler,Pupil
das,Fleisch,kein Pl.,Flesh/Meat
der,Deutsche,Deutschen,German
das,Achselzucken,kein Pl.,Shrug
die,Krankenschwester,Krankenschwestern,Nurse
das,Archiv,Archive,Archive
der,Weise,Weisen,Sage
der,Erfolg,Erfolge,Success
das,Kinn,Kinne,Chin
die,Strategie,Strategien,Strategy
die,Essenz,Essenzen,Essence
der,Halt,Halte,Halt/Stop
die,Ankunft,Ankünfte,Arrival
der,Pfirsich,Pfirsiche,Peach
der,Gipfel,Gipfel,Peak
der,Großelternteil,Großelternteile,Grandparent
die,Unterwäsche,Unterwäsche,Underwear
der,Freak,Freaks,Freak
die,Zwischenzeit,Zwischenzeiten,Meantime
das,Symbol,Symbole,Symbol
die,Reichweite,Reichweiten,Reach
das,Chili,Chilis,Chili
der,Schluss,Schlüsse,Conclusion
die,Klarheit,kein Pl.,Clarity
die,Konsequenz,Konsequenzen,Consequence
der,Verkehr,kein Pl.,Traffic
die,Stimmung,Stimmungen,Mood
der,Austausch,Austausche,Exchange
die,Prinzessin,Prinzessinnen,Princess
das,Erz,Erze,Ore
die,Pfanne,Pfannen,Pan
das,Tratschen,kein Pl.,Gossip
die,Nacht,Nächte,Night
der,Aufruhr,Aufruhr,Riot
die,Mama,Mamas,Mommy
der,Zug,Züge,Train/Pull
der,Anwalt,Anwälte,Attorney/Lawyer
der,Status,Stati,Status
der,Nebel,kein Pl.,Fog/Mist
der,Schnurrbart,Schnurrbärte,Mustache
der,Ingwer,kein Pl.,Ginger
der,Verlust,Verluste,Loss
das,Herz,Herzen,Heart
das,Datum,Daten,Date
das,Scharnier,Scharniere,Hinge
die,Diskussion,Diskussionen,Discussion
der,Schläger,Schläger,Thug
der,Müll,kein Pl.,Garbage/Junk
der,Ellenbogen,Ellenbogen,Elbow
das,Wort,Wörter,Word
der,Rückzugsort,Rückzugsorte,Retreat
das,Leben,Leben,Life/Lifetime
das,Maximum,Maxima,Maximum
die,Möglichkeit,Möglichkeiten,Possibility
der,Marker,Marker,Marker
die,Dame,Damen,Lady
der,Heilige,Heiligen,Saint
der,Ort,Orte,Place
die,Aufnahme,Aufnahmen,Recording
der,Chirurg,Chirurgen,Surgeon
der,Sieg,Siege,Victory
der,Fußball,Fußbälle,Football/Soccer
das,Knurren,Knurren,Growl
der,Knoten,Knoten,Knot
die,Zeremonie,Zeremonien,Ceremony
die,Rückkehr,Rückkehr,Return
das,Gebäude,Gebäude,Building
der,Absolvent,Absolventen,Graduate
das,Kleidungsstück,Kleidungsstücke,Garment
der,Flur,Flure,Hallway
der,Gewinner,Gewinner,Winner
das,Verschwimmen,kein Pl.,Blur
das,Institut,Institute,Institute
der,Passant,Passanten,PasserBy
die,Zwiebel,Zwiebeln,Onion
die,Gasse,Gassen,Alley
der,Ermittler,Ermittler,Investigator
die,Dankbarkeit,kein Pl.,Gratitude
die,Note,Noten,Grade
die,Erbse,Erbsen,Pea
die,Flotte,Flotten,Fleet
die,Verletzung,Verletzungen,Injury
der,Fortschritt,kein Pl.,Advance/Progress
das,Motel,Motels,Motel
die,Alternative,Alternativen,Alternative
der,Schlaganfall,Schlaganfälle,Stroke
der,Vorfall,Vorfälle,Incident
der,Kronleuchter,Kronleuchter,Chandelier
das,Parken,kein Pl.,Parking
der,Spielplatz,Spielplätze,Playground
die,Brandung,kein Pl.,Surf
der,Diamant,Diamanten,Diamond
das,Versprechen,Versprechen,Promise
das,Ziel,Ziele,Aim/Destination
der,Schaft,Schäfte,Shaft
der,Winkel,Winkel,Angle
der,Wangenknochen,Wangenknochen,Cheekbone
der,Gast,Gäste,Guest
das,Metall,Metalle,Metal
die,Weisheit,kein Pl.,Wisdom
der,Gruß,Grüße,Greeting
die,Küste,Küsten,Coast/Shore
die,Forderung,Forderungen,Claim
der,Prozess,Prozesse,Process/Trial
das,Quadrat,Quadrate,Square
das,Schaf,Schafe,Sheep
der,Tourist,Touristen,Tourist
das,Semester,Semester,Semester
das,Tempo,kein Pl.,Pace
das,Festmahl,Festmahle,Feast
das,Gelände,Gelände,Terrain
die,Musik,kein Pl.,Music
der,Russe,Russen,Russian
der,Punk,Punks,Punk
die,Unschuld,kein Pl.,Innocence
das,Intervall,Intervalle,Interval
der,Ast,Äste,Branch
das,Spiel,Spiele,Game/Match
das,Waisenkind,Waisenkinder,Orphan
der,Empfang,Empfänge,Reception
der,Zaun,Zäune,Fence
die,Peinlichkeit,Peinlichkeiten,Embarrassment
der,Terror,kein Pl.,Terror
die,Leiche,Leichen,Corpse
der,Scheck,Schecks,Check
der,Jazz,kein Pl.,Jazz
die,Ausgabe,Ausgaben,Edition/Issue
das,Telefon,Telefone,Phone/Telephone
die,Tafel,Tafeln,Board/Bar
der,Verdacht,Verdächte,Suspicion
der,Wunsch,Wünsche,Wish
der,Oberschenkel,Oberschenkel,Thigh
die,Therapie,Therapien,Therapy
der,Stift,Stifte,Pen
die,Frustration,kein Pl.,Frustration
die,Falle,Fallen,Trap
die,Ameise,Ameisen,Ant
der,Würfel,Würfel,Cube/Dice
das,Geständnis,Geständnisse,Confession
der,Verstand,Verstand,Mind
der,Unfall,Unfälle,Accident
das,Motiv,Motive,Motive
der,Winter,Winter,Winter
das,Eisen,Eisen,Iron
der,Schwanz,Schwänze,Tail
die,Großmutter,Großmutter,Grandmother
die,Dunkelheit,kein Pl.,Darkness
der,Mittag,kein Pl.,Noon
die,Lektion,Lektionen,Lesson
die,Skala,Skalen,Scale
die,Bohne,Bohnen,Bean
der,Glaube,kein Pl.,Belief/Faith
der,Thron,Throne,Throne
der,Ruhm,kein Pl.,Fame/Glory
der,Einblick,Einblicke,Insight
das,Motorrad,Motorräder,Motorcycle
die,Badewanne,Badewannen,Tub
der,Trainer,Trainer,Coach
die,Runde,Runden,Round
der,Bau,Bau,Construction
die,Offenbarung,Offenbarungen,Revelation
der,Prinz,Prinzen,Prince
die,Decke,Decken,Blanket/Ceiling
der,Herzschlag,Herzschläge,Heartbeat
der,Schmuck,kein Pl.,Jewelry
der,Hammer,Hämmer,Hammer
die,Stute,Stuten,Mare
die,Länge,kein Pl.,Length
der,Planet,Planeten,Planet
der,Cousin,Cousins,Cousin
das,Magazin,Magazine,Magazine
der,Tag,Tage,Day
die,Rutsche,Rutschen,Slide
die,Scheibe,Scheiben,Disk/Pane
die,Jeans,Jeans,Jeans
die,Sahne,Sahne,Cream
der,Boulevard,Boulevards,Boulevard
der,Rauch,Rauch,Smoke
die,Explosion,Explosionen,Blast/Explosion
das,Ohr,Ohren,Ear
das,Atelier,Ateliers,Studio
der,Stumpf,Stümpfe,Stump
die,Organisation,Organisationen,Organization
die,Sonnenbrille,Sonnenbrillen,Sunglasses
das,Trikot,Trikots,Jersey
die,Tunika,Tuniken,Tunic
das,Pfund,Pfunde,Pound
die,Freundin,Freundinnen,Girlfriend
das,Denken,kein Pl.,Thinking
die,Lenkung,Lenkungen,Steering
der,Tunnel,Tunnel,Tunnel
die,Lilie,Lilien,Lily
das,Fauchen,Fauchen,Hiss
der,Lastwagen,Lastwagen,Truck
das,Flüstern,Flüster,Whisper
die,Beschreibung,Beschreibungen,Description
der,Arbeiter,Arbeiter,Worker
der,Komfort,kein Pl.,Comfort
der,Schnabel,Schnäbel,Beak
das,Dorf,Dörfer,Village
das,Etikett,Etiketten,Label
der,Schleier,Schleier,Veil
der,Einsatz,Einsätze,Operation/Dedication 
das,Weiß,kein Pl.,White
die,Knospe,Knospen,Bud
die,Rampe,Rampen,Ramp
das,Königreich,Königreiche,Kingdom
der,Hagel,kein Pl.,Hail
die,Ewigkeit,kein Pl.,Eternity
die,Welt,Welten,World
die,Wand,Wände,Wall
die,Fakultät,Fakultäten,Faculty
der,Therapeut,Therapeuten,Therapist
der,Besucher,Besucher,Visitor
die,Brille,Brillen,Goggle
das,Elend,kein Pl.,Misery
die,Termin,Termine,Appointment
der,Kip,Kips,Kip
der,Lieferwagen,Lieferwagen,Van
die,Persönlichkeit,Persönlichkeiten,Personality
der,Teenager,Teenager,Teenager
der,Italiener,Italiener,Italian
der,Rasierer,Rasierer,Razor
die,Gefahr,Gefahren,Danger
der,Kritiker,Kritiker,Critic
der,Baron,Barone,Baron
der,Hacken,Hacken,Chop
der,Norden,kein Pl.,North
das,Böse,kein Pl.,Evil
das,Warten,kein Pl.,Waiting
der,Schub,Schübe,Surge
das,Lamm,Lämmer,Lamb
die,Wegwerfen,kein Pl.,Chuck
der,Neffe,Neffen,Nephew
der,Schmetterling,Schmetterlinge,Butterfly
der,Ahorn,Ahorne,Maple
der,Feierabend,Feierabende,End of work
die,Hoffnung,Hoffnungen,Hope
die,Bar,Bars,Bar
der,Ring,Ringe,Ring
die,Verbrennung,Verbrennungen,Burn
das,Café,Cafés,Cafe
die,Brieftasche,Brieftaschen,Wallet
das,Szenario,Szenarien,Scenario
die,Operation,Operationen,Operation/Surgery
das,Personal,kein Pl.,Personnel/Staff
die,Mahlzeit,Mahlzeiten,Meal
der,Produzent,Produzenten,Producer
der,Zigeuner,Zigeuner,Gypsy
die,Pyramide,Pyramiden,Pyramid
der,Hurrikan,Hurrikane,Hurricane
das,Gold,kein Pl.,Gold
die,Summe,Summen,Sum
das,Radar,kein Pl.,Radar
die,Wiege,Wiegen,Cradle/Crib
das,Recht,Rechte,Right
der,Bildschirm,Bildschirme,Display/Screen
die,Auswahl,Auswahlen,Selection
die,Zulassung,Zulassungen,Admission
das,Spektakel,Spektakel,Spectacle
der,Reisepass,Reisepässe,Passport
der,Teppich,Teppiche,Carpet/Rug
die,Folter,Folterungen,Torture
die,Kette,Ketten,Chain
das,Banner,Banner,Banner
das,Heu,kein Pl.,Hay
die,Reihe,Reihen,Row
der,Gestank,kein Pl.,Stench
die,Szene,Szenen,Scene
das,Frühstück,Frühstücke,Breakfast
die,Stecknadel,Stecknadeln,Pin
der,Poker,Pokers,Poker
der,Korb,Körbe,Basket
die,Situation,Situationen,Situation
das,Denkmal,Denkmäler,Memorial/Monument
der,Inhalt,Inhalte,Content
der,Clip,Clips,Clip
die,Einsamkeit,kein Pl.,Loneliness/Solitude
der,Chip,Chips,Chip
die,Eule,Eulen,Owl
das,Blei,kein Pl.,Lead
die,Front,Fronten,Front
der,Maulwurf,Maulwürfe,Mole
der,Unterarm,Unterarme,Forearm
die,Schere,Scheren,Scissors
die,Säge,Sägen,Saw
der,Ansatz,Ansätze,Approach
das,Ufer,Ufer,Shore
der,Schreibtisch,Schreibtische,Desk
die,Angelegenheit,Angelegenheiten,Affair/Matter
das,Mittagessen,Mittagessen,Lunch
das,Porträt,Porträts,Portrait
der,Saal,Säle,Hall
die,Geisel,Geiseln,Hostage
die,Linse,Linsen,Lens
das,Register,Register,Register
der,Schrei,Schreie,Scream/Shout
der,Sonnenaufgang,Sonnenaufgänge,Sunrise
der,Abschluss,Abschlüsse,Degree/Graduation
die,Generation,Generationen,Generation
die,Kampagne,Kampagnen,Campaign
das,Leuchten,Leuchten,Glow
die,Luftschleuse,Luftschleusen,Airlock
die,Nachrichten,Nachrichten,News
die,Oma,Omas,Grandma/Granny
der,Pilot,Piloten,Pilot
die,Scheidung,Scheidungen,Divorce
die,Tradition,Traditionen,Tradition
der,Bedienstete,Bediensteten,Attendant
die,Überschwemmung,Überschwemmungen,Flood
die,Ressource,Ressourcen,Resource
das,Fragment,Fragmente,Fragment
der,Pfeil,Pfeile,Arrow
die,Gans,Gänse,Goose
das,Lernen,Lernen,Learning
die,U-Bahn,U-Bahnen,Subway
die,Asche,Aschen,Ash
der,Dachboden,Dachböden,Attic/Loft
das,Studentenwohnheim,Studentenwohnheime,Dorm
das,Lachen,kein Pl.,Laugh/Laughter
der,Gips,kein Pl.,Plaster
die,Notiz,Notizen,Note
die,Farbe,Farben,Colour/Paint
das,Sandwich,Sandwiches,Sandwich
der,Gleichaltrige,Gleichaltrigen,Peer
die,Orange,Orangen,Orange
das,Rad,Räder,Wheel
der,Hof,Höfe,Yard
die,Perücke,Perücken,Wig
die,Krankheit,Krankheiten,Disease/Illness
die,Puppe,Puppen,Doll
die,Bestimmung,Bestimmungen,Determination
die,Skulptur,Skulpturen,Sculpture
das,Grün,kein Pl.,Green
der,Zeigefinger,Zeigefinger,Forefinger
die,Schauspielerin,Schauspielerinnen,Actress
der,Charakter,Charaktere,Character
das,Konto,Konten,Account
der,Scherben,Scherben,Shard
das,Insekt,Insekten,Insect
der,Reporter,Reporter,Reporter
die,Reaktion,Reaktionen,Reaction
der,Hai,Haie,Shark
die,Feder,Federn,Feather
der,Hut,Hüte,Hut
der,Botengang,Botengänge,Errand
die,Hochzeit,Hochzeiten,Wedding
der,Hinweis,Hinweise,Clue/Hint
die,Adresse,Adressen,Address
die,Verantwortung,kein Pl.,Responsibility
das,Mondschein,kein Pl.,Moonlight
die,Würde,kein Pl.,Dignity
der,Prominente,Prominenten,Celebrity
die,Verhaftung,Verhaftungen,Arrest
der,Krankenwagen,Krankenwagen,Ambulance
die,Show,Shows,Show
die,Unabhängigkeit,kein Pl.,Independence
die,Gemeinde,Gemeinden,Congregation
das,Geräusch,Geräusche,Noise
der,Ram,Rams,Ram
die,Unterstützung,kein Pl.,Support
das,Interesse,Interessen,Interest
die,Erdnuss,Erdnüsse,Peanut
die,Geburt,Geburten,Birth
die,Verpflichtung,Verpflichtungen,Commitment/Obligation
die,Bequemlichkeit,Bequemlichkeiten,Convenience
die,Flora,kein Pl.,Flora
die,Intensität,kein Pl.,Intensity
der,Charme,Charmes,Charm
das,Bedauern,kein Pl.,Regret
der,Zylinder,Zylinder,Cylinder
das,Funkel,Funkel,Sparkle
der,Altar,Altäre,Altar
das,Verhalten,kein Pl.,Behavior
der,Nagel,Nägel,Nail
der,Artikel,Artikel,Article
der,Diener,Diener,Servant
der,Rekorder,Rekorder,Recorder
der,Penner,Penner,Bum
das,Geld,kein Pl.,Money
die,Flagge,Flaggen,Flag
der,Verdächtige,Verdächtigen,Suspect
das,Auge,Augen,Eye
der,Text,Texte,Text
der,Mangel,kein Pl.,Lack/Shortage
die,Wolle,kein Pl.,Wool
der,Schlitz,Schlitz,Slot
der,Versuch,Versuche,Attempt/Try
der,Kopf,Köpfe,Head
das,Einkaufszentrum,Einkaufszentren,Mall
der,Hafen,Häfen,Dock/Harbor
die,Passform,Passformen,Fit
das,Becken,Becken,Basin
die,Göttin,Göttinnen,Goddess
der,Cowboy,Cowboys,Cowboy
die,Anhörung,Anhörungen,Hearing
die,Windschutzscheibe,Windschutzscheiben,Windshield
der,Gott,Götter,God
der,Star,Stare,Starling
die,Eiche,Eichen,Oak
der,Aufzug,Aufzüge,Elevator/Lift
die,Handlung,Handlungen,Plot
der,Magier,Magier,Mage/Magician
das,Haustier,Haustiere,Pet
der,Club,Clubs,Club
der,Major,Majore,Major
der,Bohrer,Bohrer,Drill
der,Vorsprung,Vorsprünge,Ledge
der,Anfang,Anfänge,Beginning
die,Fackel,Fackeln,Flare/Torch
der,Wettbewerb,Wettbewerbe,Competition
die,Bande,Banden,Gang
das,Outfit,Outfits,Outfit
der,Amerikaner,Amerikaner,American
die,Skizze,Skizzen,Sketch
der,Bügel,Bügel,Hanger
die,Ermüdung,kein Pl.,Fatigue
die,Ader,Adern,Vein
der,Garten,Gärten,Garden
das,Unternehmen,Unternehmen,Company/Corporation
die,Phase,Phasen,Phase
die,Pause,Pausen,Break/Pause
der,Ausgang,Ausgänge,Exit
der,Spaziergang,Spaziergänge,Walk
die,Gitarre,Gitarren,Guitar
das,Zelt,Zelte,Tent
der,Revolver,Revolver,Revolver
die,Zerstörung,Zerstörungen,Destruction
die,Spur,Spuren,Trace
das,Schweinefleisch,kein Pl.,Pork
die,Olive,Oliven,Olive
der,Anzug,Anzüge,Suit
der,Inspektor,Inspektoren,Inspector
die,Kiste,Kisten,Crate
das,Licht,Lichter,Light/Lighting
der,Roman,Romane,Novel
der,Fußabdruck,Fußabdrücke,Footstep
das,Anwesen,Anwesen,Estate
der,Metzger,Metzger,Butcher
das,Gebet,Gebete,Prayer
das,Nachthemd,Nachthemden,Nightgown
die,Autorität,Autoritäten,Authority
der,Weinbrand,kein Pl.,Brandy
die,Ehefrau,Ehefrauen,Wife
das,Fass,Fässer,Barrel
der,Pferdeschwanz,Pferdeschwänze,Ponytail
der,Onkel,Onkel,Uncle
der,Panzer,Panzer,Tank
der,Sand,kein Pl.,Sand
der,Schalter,Schalter,Switch
die,Schwierigkeit,Schwierigkeiten,Difficulty
das,Handtuch,Handtücher,Towel
das,Ereignis,Ereignisse,Event
die,Postkarte,Postkarten,Postcard
die,Rippe,Rippen,Rib
der,Markt,Märkte,Market
die,Anschuldigung,Anschuldigungen,Accusation
der,Spaß,kein Pl.,Fun
die,Beziehung,Beziehungen,Relationship
die,Panik,kein Pl.,Panic
der,Habicht,Habichte,Hawk
der,Maurer,Maurer,Mason
der,Zeitplan,Zeitpläne,Schedule
die,Tür,Türen,Door
der,Ruck,Rucke,Jerk
der,Hunger,kein Pl.,Hunger
das,Klopfen,kein Pl.,Knock
der,Fleck,Flecken,Spot/Stain
der,Tisch,Tische,Table
das,Braun,kein Pl.,Brown
die,Depression,Depressionen,Depression
die,Bewertung,Bewertungen,Review
das,Gebrüll,kein Pl.,Roar
das,Individuum,Individuen,Individual
die,Siedlung,Siedlungen,Settlement
der,Rover,Rover,Rover
das,Kupfer,kein Pl.,Copper
die,Gebühr,Gebühren,Charge/Fee
der,Wodka,kein Pl.,Vodka
die,Übersetzung,Übersetzungen,Translation
der,Haken,Haken,Hook
die,Eitelkeit,Eitelkeiten,Vanity
der,Schlepper,Schlepper,Tug
der,Drang,Dränge,Urge
der,Schädel,Schädel,Skull
das,Aroma,Aromen,Aroma
die,Karte,Karten,Card/Map
die,Genossenschaft,Genossenschaften,Co-operative
der,Nachmittag,Nachmittage,Afternoon
der,Twist,Twists,Twist
die,Pore,Poren,Pore
der,Bahnhof,Bahnhöfe,Station
der,Frieden,kein Pl.,Peace
die,Klappe,Klappen,Flap
der,Zauberer,Zauberer,Wizard
das,Gewicht,Gewichte,Weight
die,Freude,kein Pl.,Delight/Joy
der,Mais,kein Pl.,Corn
der,Marsch,Märsche,March
die,Rose,Rosen,Rose
der,Manager,Manager,Manager
der,Standort,Standorte,Location
der,Treibende,Treibenden,Drift
die,Zugehörigkeit,Zugehörigkeiten,Affiliation
das,Album,Alben,Album
der,Astronaut,Astronauten,Astronaut
das,Horn,Hörner,Horn
der,Pilger,Pilger,Pilgrim
der,Job,Jobs,Job
die,Bevölkerung,kein Pl.,Population
die,Kohle,kein Pl.,Coal
die,Schlittschuhe,Schlittschuhe,Ice skates
der,Spiegel,Spiegel,Mirror
die,Brustwarze,Brustwarzen,Nipple
das,Verlangen,kein Pl.,Desire
der,Triumph,Triumphe,Triumph
die,Phrase,Phrasen,Phrase
der,Riese,Riesen,Giant
der,Mist,kein Pl.,Crap
die,Schnur,Schnüre,String
das,Bedürfnis,Bedürfnisse,Need
die,Tochter,Töchter,Daughter
der,Wert,Werte,Value/Worth
die,Weide,Weiden,Pasture/Willow
das,Getränk,Getränke,Drink
die,Woche,Wochen,Week
der,Reichtum,kein Pl.,Wealth
der,Balkon,Balkone,Balcony
die,Anderen,Anderen,Others
das,Pferd,Pferde,Horse
der,Widerstand,Widerstände,Resistance
das,Blatt,Blätter,Leaf/Sheet
der,Valentine,Valentines,Valentine
der,Snack,Snacks,Snack
der,Abfluss,Abflüsse,Drain
das,Einhorn,Einhörner,Unicorn
das,Darlehen,Darlehen,Loan
das,Studium,Studien,Study
die,Fähre,Fähren,Ferry
die,Masse,Massen,Bulk/Mass
die,Düne,Dünen,Dune
der,Liebling,Lieblinge,Darling/Dear
der,Fokus,Foki,Focus
die,Pille,Pillen,Pill
das,Durcheinander,kein Pl.,Mess
der,Tritt,Tritte,Kick
die,Entfernung,Entfernungen,Distance
der,Schuh,Schuhe,Shoe
das,Gericht,Gerichte,Court/Dish
der,Wolf,Wölfe,Wolf
das,Grinsen,Grinsen,Grin
der,Führer,Führer,Guide/Leader
das,Teleskop,Teleskope,Telescope
die,Reflexion,Reflexionen,Reflection
der,Aufprall,Aufprälle,Impact
der,Pilz,Pilze,Mushroom
der,Dorn,Dornen,Thorn
der,Verkäufer,Verkäufer,Salesman
das,Manschette,Manschetten,Cuff
der,Alkohol,kein Pl.,Alcohol
die,Anordnung,Anordnungen,Arrangement
die,Freiheit,kein Pl.,Freedom/Liberty
das,Gewebe,Gewebe,Tissue
die,Illustration,Illustrationen,Illustration
die,Ankündigung,Ankündigungen,Announcement
das,Segel,Segel,Sail
das,Laib,Laibe,Loaf
der,Ventilator,Ventilatoren,Fan
die,Bäckerei,Bäckereien,Bakery
die,Belohnung,Belohnungen,Reward
der,Kojote,Kojoten,Coyote
die,Beere,Beeren,Berry
der,Eintrag,Einträge,Entry
das,Augenlid,Augenlider,Eyelid
die,Buchhandlung,Buchhandlungen,Bookstore
der,Strand,Strände,Beach/Strand
die,Flut,Fluten,Tide
das,Abendessen,Abendessen,Dinner/Supper
der,Smaragd,Smaragde,Emerald
das,Volumen,Volumina,Volume
der,Wein,Weine,Wine
das,Schwarz,kein Pl.,Black
der,Kontinent,Kontinente,Continent
der,Geburtstag,Geburtstage,Birthday
das,Element,Elemente,Element
das,Paket,Pakete,Package/Packet
die,Einheit,Einheiten,Unit
das,Sofa,Sofas,Sofa
die,Kindheit,kein Pl.,Childhood
der,Löwe,Löwen,Lion
der,Westen,kein Pl.,West
die,Analyse,Analysen,Analysis
das,Rindfleisch,kein Pl.,Beef
das,Handgelenk,Handgelenke,Wrist
der,Grieche,Griechen,Greek
die,Dimension,Dimensionen,Dimension
der,Sack,Säcke,Sack
der,Kran,Kräne,Crane
die,Zone,Zonen,Zone
die,Dusche,Duschen,Shower
die,Chancen,kein Pl.,Odds
die,Region,Regionen,Region
der,Kongress,Kongresse,Congress
das,Drama,Dramen,Drama
das,Ritual,Rituale,Ritual
das,Thema,Themen,Theme/Topic
die,Fee,Feen,Fairy
das,Pony,Ponys,Pony
der,Spieler,Spieler,Player
die,Meerjungfrau,Meerjungfrauen,Mermaid
der,Student,Studenten,Student
der,Kegel,Kegel,Cone
die,Waffe,Waffen,Gun/Weapon
der,Monitor,Monitore,Monitor
der,Lügner,Lügner,Liar
der,Strauß,Sträuße,Bunch
das,Braten,Braten,Fry
das,Wissen,kein Pl.,Knowledge
der,Kauf,Käufe,Purchase
der,Stoff,Stoffe,Cloth/Fabric
der,Maler,Maler,Painter
die,Dämmerung,kein Pl.,Dusk/Twilight
die,Hohlheit,Hohlheiten,Hollow
das,Huhn,Hühner,Chicken/Hen
die,Wohltätigkeit,kein Pl.,Charity
die,Behandlung,Behandlungen,Treatment
der,Bürgersteig,Bürgersteige,Sidewalk
das,Brett,Bretter,Board
der,Topf,Töpfe,Pot
das,Detail,Details,Detail
der,Ekel,kein Pl.,Disgust
die,Einladung,Einladungen,Invitation
der,Obstgarten,Obstgärten,Orchard
der,Schutt,kein Pl.,Debris/Rubble
die,Vereinbarung,Vereinbarungen,Agreement
das,Armband,Armbänder,Bracelet
die,Kraft,Kräfte,Force
der,Champagner,kein Pl.,Champagne
die,Liste,Listen,List
die,Uhr,Uhren,Clock/Watch
das,Holz,kein Pl.,Wood
das,Mädchen,Mädchen,Girl
der,Kaiser,Kaiser,Emperor
die,Zeitung,Zeitungen,Newspaper
der,Tanz,Tänze,Dance
der,Stein,Steine,Stone
das,Neon,kein Pl.,Neon
der,Stil,Stile,Style
das,Urteil,Urteile,Judgment
der,Bogen,Bögen,Arc/Arch
der,Mechaniker,Mechaniker,Mechanic
der,Kamm,Kämme,Comb
das,Tentakel,Tentakel,Tentacle
das,Festival,Festivals,Festival
die,Braut,Bräute,Bride
das,Blenden,kein Pl.,Glare
der,Knall,Knalle,Bang/Pop
der,Weizen,kein Pl.,Wheat
die,Süßigkeiten,Süßigkeiten,Candy
die,Höflichkeit,kein Pl.,Courtesy
der,Schnitt,Schnitte,Cut
das,Array,Arrays,Array
die,Auszeichnung,Auszeichnungen,Award
der,Gegner,Gegner,Opponent
der,Pfadfinder,Pfadfinder,Scout
das,Aluminium,kein Pl.,Aluminium
die,Einlage,Einlagen,Slip
der,Geruch,Gerüche,Odour/Smell
die,Information,Informationen,Information
das,Doppel,Dopple,Double
die,Kuh,Kühe,Cow
der,Trauf,Traube,Eave
der,Guss,Güsse,Cast
der,Name,Namen,Name
das,Vertrauen,Vertrauen,Confidence/Trust
die,Absicht,Absichten,Intent/Intention
der,Beruf,Berufe,Profession
die,Herberge,Herbergen,Inn
die,Zuneigung,kein Pl.,Affection
der,Notfall,Notfälle,Emergency
das,Design,Designs,Design
das,Netz,Netze,Net/Web
das,Gewehr,Gewehre,Rifle
der,Bürger,Bürger,Citizen
die,Niederlage,Niederlagen,Defeat
das,Zahnfleisch,kein Pl.,Gum
das,Baldachin,Baldachine,Canopy
die,Pose,Posen,Pose
der,Boden,Böden,Bottom/Floor
das,Restaurant,Restaurants,Restaurant
die,Sidebar,Sidebars,Sidebar
das,Bit,Bits,Bit
die,Maus,Mäuse,Mouse
die,Lampe,Lampen,Lamp
der,Meister,Meister,Master
der,Kinderbett,Kinderbetten,Cot
der,Assistent,Assistenten,Assistant
der,Wald,Wälder,Forest
der,Streik,Streiks,Strike
die,Bombe,Bomben,Bomb
der,Rhythmus,Rhythmen,Rhythm
der,Bericht,Berichte,Report
der,Vorsitzende,Vorsitzenden,Chairman
das,Interview,Interviews,Interview
der,Käfer,Käfer,Beetle/Bug
die,Schule,Schulen,School
der,Stolz,kein Pl.,Pride
die,Republik,Republiken,Republic
der,Blumenstrauß,Blumensträuße,Bouquet
der,Bob,Bobs,Bob
die,Jahreszeit,Jahreszeiten,Season
das,Netzwerk,Netzwerke,Network
der,Schatz,Schätze,Beau/Sweetheart
die,Medizin,Medizinen,Medicine
der,Käse,Käse,Cheese
die,Entscheidung,Entscheidungen,Decision
die,Schwelle,Schwellen,Threshold
der,Ingenieur,Ingenieure,Engineer
die,Nachfrage,Nachfragen,Demand
der,Kontrast,Kontraste,Contrast
das,Geheimnis,Geheimnisse,Mystery/Secret
der,Brief,Briefe,Letter
das,Fundament,Fundamente,Fund
die,Prozession,Prozessionen,Procession
die,Silhouette,Silhouetten,Silhouette
der,Spitzname,Spitznamen,Nickname
das,Gemüse,Gemüse,Vegetable
die,Gnade,Gnaden,Grace/Mercy
die,Warnung,Warnungen,Warning
das,Möbel,Möbel,Furniture
der,Mond,Monde,Moon
der,Ofen,Öfen,Oven
der,Vorabend,Vorabende,Eve
die,Krähe,Krähen,Crow
der,Schinken,kein Pl.,Ham
der,Ruf,Rufe,Reputation
die,Röhre,Röhren,Tube
der,Schaden,kein Pl.,Damage/Harm
der,Mut,kein Pl.,Courage
das,Genie,Genies,Genius
das,Wochenende,Wochenenden,Weekend
das,Modell,Modelle,Model
das,Zimmer,Zimmer,Room
die,Anzeige,Anzeigen,Advertisement/Indication
das,Blütenblatt,Blütenblätter,Petal
der,Vulkan,Vulkane,Volcano
das,Signal,Signale,Signal
der,Designer,Designer,Designer
der,Schlag,Schläge,Beat/Blow
der,Efeu,kein Pl.,Ivy
die,Wirkung,Wirkungen,Effect
die,Wissenschaft,kein Pl.,Science
die,Wut,Wut,Fury/Rage
der,Clown,Clowns,Clown
der,Bürgermeister,Bürgermeister,Mayor
die,Furt,Furten,Ford
die,Kommode,Kommoden,Dresser
der,Block,Blöcke,Block
der,Akzent,Akzente,Accent
der,Zweig,Zweige,Twig
der,Pinguin,Pinguine,Penguin
die,Liebe,kein Pl.,Love
der,Künstler,Künstler,Artist
die,Scham,kein Pl.,Shame
das,Refugium,Refugien,Refuge
die,Haut,Häute,Skin
die,Auswirkung,Auswirkungen,Implication
das,Überleben,kein Pl.,Survival
der,Ärger,kein Pl.,Anger/Annoyance
der,Schauspieler,Schauspieler,Actor
die,Schlange,Schlangen,Snake
die,Sandale,Sandalen,Sandal
die,Liebste,Liebsten,Sweetheart
der,Pirat,Piraten,Pirate
der,Held,Helden,Hero
das,Rennen,Rennen,Race
die,Maschinen,kein Pl.,Machinery
der,Feigling,Feiglinge,Coward
der,Prediger,Prediger,Preacher
der,Blitz,Blitze,Flash/Lightning
die,Ehe,Ehen,Marriage
der,Musiker,Musiker,Musician
das,Kompliment,Komplimente,Compliment
das,Seminar,Seminare,Workshop
der,Spion,Spione,Spy
der,Tau,kein Pl.,Dew
das,Bier,Biere,Beer
der,Reisende,Reisenden,Traveler
der,Lehrer,Lehrer,Instructor/Teacher
der,Bäcker,Bäcker,Baker
die,Hitze,kein Pl.,Heat
die,Fassade,Fassaden,Facade
die,Kosten,kein Pl.,Cost/Expense
die,Schwerkraft,kein Pl.,Gravity
der,Zugriff,kein Pl.,Access
der,Geschmack,Geschmäcker,Taste
der,Kanal,Kanäle,Canal/Channel
die,Treue,kein Pl.,Loyalty
die,Haftung,Haftungen,Liability
die,Milch,kein Pl.,Milk
der,Erwachsene,Erwachsenen,Adult
der,Kamin,Kamine,Fireplace/Hearth
der,Toast,Toasts,Toast
die,Universität,Universitäten,University
der,Verkauf,Verkäufe,Sale
das,Reisen,Reisen,Travel
das,Reh,Rehe,Deer
der,See,Seen,Lake
der,Zweck,Zwecke,Purpose
die,Schaffung,Schaffungen,Creation
das,Versagen,Versagen,Failure
der,Wahnsinn,kein Pl.,Madness
das,Schrotflinte,Schrotflinten,Shotgun
das,Gehalt,Gehälter,Salary
die,Zelle,Zellen,Cell/Cubicle
der,Roboter,Roboter,Robot
die,Farm,Farmen,Farm
der,Überlebende,Überlebenden,Survivor
die,Konzentration,kein Pl.,Concentration
der,Dschungel,Dschungel,Jungle
die,Kleidung,kein Pl.,Clothes/Clothing
der,Mantel,Mäntel,Coat/Overcoat
die,Frucht,Früchte,Fruit
der,Honig,kein Pl.,Honey
die,Technik,Techniken,Tech/Technique
die,Sitzung,Sitzungen,Session
die,Philosophie,Philosophien,Philosophy
das,Alter,kein Pl.,Age
der,Felsen,Felsen,Rock
das,Schaudern,kein Pl.,Chill
der,Punktestand,Punktestände,Score
das,Problem,Probleme,Problem
das,Porzellan,kein Pl.,China
die,Koje,Kojen,Bunk
der,Friedhof,Friedhöfe,Cemetery
der,Stuhl,Stühle,Chair
die,Sohle,Sohlen,Sole
die,Pfote,Pfoten,Paw
die,Blüte,Blüten,Bloom/Blossom
der,Kurs,Kurse,Course
das,Plastik,kein Pl.,Plastic
das,Eis,Eis,Ice
die,Gemeinschaft,Gemeinschaften,Community
das,Kommando,Kommandos,Squad
der,Wurf,Würfe,Litter
die,Investition,Investitionen,Investment
der,Kunde,Kunden,Client/Customer
die,Stange,Stangen,Rod
der,Wasserhahn,Wasserhähne,Tap
die,Verwaltung,Verwaltungen,Administration
das,Schwert,Schwerter,Sword
das,Abzeichen,Abzeichen,Badge
die,Majestät,kein Pl.,Majesty
der,Fahrer,Fahrer,Driver
der,Bluff,Bluffs,Bluff
der,Bolzen,Bolzen,Bolt
die,Weite,Weiten,Expanse
die,Flucht,Fluchten,Escape
das,Wrack,Wracks,Wreck
die,Sektion,Sektionen,Section
der,Löffel,Löffel,Spoon
die,Muschel,Muscheln,Shell
das,Tablett,Tabletts,Tray
die,Truppe,Truppen,Troop
der,Gegenstand,Gegenstände,Item
der,Globus,Globen,Globe
das,Skelett,Skelette,Skeleton
die,Inspiration,Inspirationen,Inspiration
der,Reifen,Reifen,Tyre
der,Unterricht,kein Pl.,Teaching
das,Gedicht,Gedichte,Poem
die,Ironie,kein Pl.,Irony
das,Kätzchen,Kätzchen,Kitten
der,Schuppen,Schuppen,Shed
der,Gang,Gänge,Aisle
der,Eintopf,Eintöpfe,Stew
der,Golf,kein Pl.,Golf/Gulf
das,Gewitter,kein Pl.,Thunderstorm
der,Homer,Homers,Homer
die,Romanze,Romanzen,Romance
der,Punkt,Punkte,Dot/Point
der,Flügel,Flügel,Wing
der,Kleiderschrank,Kleiderschränke,Wardrobe
der,Wille,kein Pl.,Will
das,Gewand,Gewänder,Gown
der,Krebs,kein Pl.,Cancer
der,Verwandte,Verwandten,Relative
das,Panel,Panels,Panel
der,Verband,Verbände,Bandage
das,Ei,Eier,Egg
der,Tempel,Tempel,Temple
der,Papagei,Papageien,Parrot
die,Versammlung,Versammlungen,Assembly
die,Palme,Palmen,Palm
der,Treibstoff,kein Pl.,Fuel
der,Vortrag,Vorträge,Lecture
die,Notwendigkeit,Notwendigkeiten,Necessity
der,Händler,Händler,Dealer/Merchant
das,Fieber,kein Pl.,Fever
der,Esel,Esel,Donkey
das,Gen,Gene,Gene
die,Nachahmung,Nachahmungen,Imitation
die,Geliebte,Geliebten,Mistress
das,Handwerk,Handwerke,Craft
die,Zunge,Zungen,Tongue
das,Mischen,Mischungen,Shuffling
der,Wasserkocher,Wasserkocher,Kettle
der,Schriftsteller,Schriftsteller,Writer
das,Bernstein,kein Pl.,Amber
das,Tier,Tiere,Animal/Beast
der,Bergrücken,Bergrücken,Ridge
der,Handschuh,Handschuhe,Glove
die,Taschenlampe,Taschenlampen,Flashlight
der,Beton,kein Pl.,Concrete
der,Protest,Proteste,Protest
der,Scheinwerfer,Scheinwerfer,Headlight
der,Cartoon,Cartoons,Cartoon
die,Auffahrt,Auffahrten,Driveway
der,Fischer,Fischer,Fisherman
die,Aufführung,Aufführungen,Performance
die,Gewohnheit,Gewohnheiten,Habit
die,Vorbereitung,Vorbereitungen,Preparation
die,Agentur,Agenturen,Agency
das,Zeichen,Zeichen,Mark
die,Schuld,kein Pl.,Debt/Guilt
die,Cafeteria,Cafeterien,Cafeteria
der,Adler,Adler,Eagle
das,Dach,Dächer,Roof/Rooftop
der,Stoß,Stöße,Bump
die,Stiftung,Stiftungen,Foundation
das,Diagramm,Diagramme,Chart
die,Kammer,Kammern,Chamber
der,Zerstörer,Zerstörer,Buster
das,Theater,Theater,Theater
die,Eintrittskarte,Eintrittskarten,Ticket
die,Version,Versionen,Version
die,Enkelin,Enkelinnen,Granddaughter
das,Stück,Stücke,Chunk/Piece
die,Weste,Westen,Vest
die,Überraschung,Überraschungen,Surprise
der,Schal,Schals,Scarf
die,Tat,Taten,Deed
der,Morgen,Morgen,Morning
die,Mücke,Mücken,Mosquito
der,Sonnenschein,kein Pl.,Sunshine
die,Leiter,Leitern,Ladder
der,Rollstuhl,Rollstühle,Wheelchair
der,Anruf,Anrufe,Call
der,Schornstein,Schornsteine,Chimney
das,Profil,Profile,Profile
der,Flug,Flüge,Flight
das,Kaninchen,Kaninchen,Rabbit
die,Ruhe,kein Pl.,Calm/Rest
der,Albtraum,Albträume,Nightmare
das,Fort,Forts,Fort
das,Schwein,Schweine,Pig
die,Dringlichkeit,Dringlichkeiten,Urgency
das,Geschenk,Geschenke,Gift
der,Gastgeber,Gastgeber,Host
das,Schlafen,kein Pl.,Sleeping
das,Brummen,kein Pl.,Hum
das,Verständnis,kein Pl.,Understanding
die,Beschwerde,Beschwerden,Complaint
der,Wagen,Wagen,Cart
das,Exemplar,Exemplare,Copy/Specimen
die,Sammlung,Sammlungen,Collection
der,Leibwächter,Leibwächter,Bodyguard
das,Ende,Enden,End/Ending
die,Kamera,Kameras,Camera
der,Satellit,Satelliten,Satellite
die,Kolonie,Kolonien,Colony
die,Schüssel,Schüsseln,Bowl
das,Kommen,kein Pl.,Coming
der,Bordstein,Bordsteine,Curb
die,Treppe,Treppen,Stair/Stairway
das,Gemälde,Gemälde,Painting
das,Labor,Labore,Laboratory
der,Kehren,Kehren,Sweep
der,Helfer,Helfer,Aide
die,Serviette,Servietten,Napkin
das,Zentrum,Zentren,Center
die,Regierung,Regierungen,Government
das,Universum,Universen,Universe
der,Pool,Pools,Pool
der,Pass,Pässe,Pass
die,Bank,Banken,Bank/Bench
das,Gelübde,Gelübde,Vow
die,Güte,kein Pl.,Goodness
die,Suppe,Suppen,Soup
das,Lob,kein Pl.,Praise
das,Privileg,Privilegien,Privilege
das,Set,Sets,Kit
die,Presse,kein Pl.,Press
der,Moos,kein Pl.,Moss
der,Ausländer,Ausländer,Foreigner
das,Internet,kein Pl.,Internet
der,Taumel,Taumel,Stagger
der,Briefkasten,Briefkästen,Mailbox
der,Laser,Laser,Laser
der,Dämon,Dämonen,Demon
die,Perfektion,kein Pl.,Perfection
das,Lesen,kein Pl.,Reading
die,Beleidigung,Beleidigungen,Insult
das,Training,Trainings,Training
der,Strohhalm,Strohhalme,Straw
der,Kapitän,Kapitäne,Captain
das,Journal,Journale,Journal
das,Klavier,Klaviere,Piano
der,Til,Tils,Til
der,Luxus,Luxus,Luxury
der,Schrank,Schränke,Cabinet/Closet
der,Detektiv,Detektive,Detective
das,Fenster,Fenster,Window
das,Gute,kein Pl.,Good
die,Klinik,Kliniken,Clinic
die,Geldbörse,Geldbörsen,Purse
das,Reich,Reiche,Realm
der,Knäckebrot,Knäckebrote,Cracker
der,Fluss,Flüsse,Flow/River
die,Mütze,Mützen,Cap
die,Episode,Episoden,Episode
die,Wende,Wenden,Turn
die,Ziege,Ziegen,Goat
die,Parade,Paraden,Parade
das,Podium,Podien,Podium
die,Lagerung,Lagerungen,Storage
die,Limette,Limetten,Lime
die,Freundschaft,Freundschaften,Friendship
das,Feld,Felder,Field
die,Flocke,Flocken,Flake
das,Einkommen,Einkommen,Income
das,Dessert,Desserts,Dessert
der,Missbrauch,Missbräuche,Abuse
die,Fahrspur,Fahrspuren,Lane
die,Stunde,Stunden,Hour
die,Macht,kein Pl.,Power
das,Salz,kein Pl.,Salt
der,Samt,kein Pl.,Velvet
die,Band,Bands,Band/Ribbon
die,Toilette,Toiletten,Toilet
die,Rache,kein Pl.,Revenge
der,Busen,Busen,Bosom
der,Regenbogen,Regenbogen,Rainbow
der,Motor,Motoren,Engine/Motor
die,Flosse,Flossen,Fin
der,Plan,Pläne,Plan
der,Pfahl,Pfähle,Pole
die,Hülse,Hülsen,Pod
der,Müller,Müller,Miller
die,Chemikalie,Chemikalien,Chemical
die,Motorhaube,Motorhauben,Hood
der,Knöchel,Knöchel,Ankle
der,Donner,Donner,Thunder
der,Pastor,Pastoren,Pastor
das,Kind,Kinder,Child/Kid
der,Reiniger,Reiniger,Cleaner
die,Mischung,Mischungen,Mix/Mixture
der,Konflikt,Konflikte,Conflict
der,Trick,Tricks,Trick
der,Ton,Töne,Clay/Tone
die,Umlaufbahn,Umlaufbahnen,Orbit
die,Reservierung,Reservierungen,Reservation
die,Abteilung,Abteilungen,Department
die,Privatsphäre,kein Pl.,Privacy
die,Jacke,Jacken,Jacket
die,Streif,Streifen,Streak
die,Gabel,Gabeln,Fork
der,Psychiater,Psychiater,Psychiatrist
der,Ältere,Älteren,Elder
der,Passagier,Passagiere,Passenger
der,Herr,Herren,Gentleman/Lord
die,Insel,Inseln,Island
die,Periode,Perioden,Period
der,Himmel,Himmel,Heaven/Sky
der,Campus,Campi,Campus
die,Scheune,Scheunen,Barn
der,Zimmermann,Zimmerleute,Carpenter
die,Überreste,Überreste,Remains
der,Ausschuss,Ausschüsse,Committee
das,Murmeln,kein Pl.,Murmur
der,Türsteher,Türsteher,Porter
der,Pullover,Pullover,Sweater/Sweatshirt
das,Konzept,Konzepte,Concept
der,Vorort,Vororte,Suburb
der,Teil,Teile,Part
die,Ernte,Ernten,Crop
die,Referenz,Referenzen,Reference
das,Getreide,kein Pl.,Cereal
die,Lunge,Lungen,Lung
der,Zaunkönig,Zaunkönige,Wren
das,Studio,Studios,Studio
die,Pflaume,Pflaumen,Plum
der,Bademantel,Bademäntel,Bathrobe
die,Hardware,kein Pl.,Hardware
die,Mohnblume,Mohnblumen,Poppy
die,Aktie,Aktien,Share
die,Bibel,Bibeln,Bible
die,Pizza,Pizzen,Pizza
die,Ära,Ären,Era
das,Spray,Sprays,Spray
das,Jahrzehnt,Jahrzehnte,Decade
die,Diät,Diäten,Diet
die,Verwendung,Verwendungen,Use
der,Schwung,Schwünge,Swing
die,Nadel,Nadeln,Needle
der,Arm,Arme,Arm
das,Schloss,Schlösser,Castle/Lock
das,Hotel,Hotels,Hotel
die,Verachtung,kein Pl.,Contempt
die,Hüfte,Hüften,Hip
die,Scan,Scans,Scan
das,Boot,Boote,Boat
der,Speck,kein Pl.,Bacon
der,Wurm,Würmer,Worm
der,Mund,Münder,Mouth
das,Vakuum,Vakua,Vacuum
die,Sprache,Sprachen,Language
das,Kreuzfahrtschiff,Kreuzfahrtschiffe,Cruiser
der,Ruin,Ruinen,Ruin
die,Lippe,Lippen,Lip
die,Verzögerung,Verzögerungen,Delay
die,Methode,Methoden,Method
das,Verbrechen,Verbrechen,Crime
der,Hocker,Hocker,Stool
das,Spucken,Spucken,Spit
der,Regenschirm,Regenschirme,Umbrella
die,Melodie,Melodien,Melody/Tune
die,Kellnerin,Kellnerinnen,Waitress
die,Schleife,Schleifen,Loop
der,Pfeffer,kein Pl.,Pepper
die,Memme,Memmen,Sissy
die,Tonhöhe,Tonhöhen,Pitch
der,Rumpf,Rümpfe,Hull
der,Ärmel,Ärmel,Sleeve
der,Magen,Mägen,Stomach
der,Knochen,Knochen,Bone
der,Wal,Wale,Whale
der,Jeep,Jeeps,Jeep
das,Gerücht,Gerüchte,Rumor
das,Gewölbe,Gewölbe,Vault
die,Quelle,Quellen,Source
der,Mitarbeiter,Mitarbeiter,Associate/Employee
der,Schlaf,kein Pl.,Sleep
der,Sklave,Sklaven,Slave
der,Sekretär,Sekretäre,Secretary
die,Bewegung,Bewegungen,Motion/Movement
das,Mikrofon,Mikrofone,Microphone
die,Hündin,Hündinnen,Bitch
die,Wahl,Wahlen,Choice/Election
die,Steckdose,Steckdosen,Socket
die,Daten,Daten,Data
die,Stechpalme,Stechpalmen,Holly
das,Singen,kein Pl.,Singing
der,Hintergrund,Hintergründe,Background
der,Daumen,Daumen,Thumb
das,Steak,Steaks,Steak
der,Liebesakt,Liebesakte,Lovemaking
die,Bestellung,Bestellungen,Order
das,Labyrinth,Labyrinthe,Maze
die,Verwirrung,kein Pl.,Confusion
die,Pistole,Pistolen,Pistol
der,Affe,Affen,Ape/Monkey
der,Patient,Patienten,Patient
der,Starren,Starren,Stare
der,Respekt,kein Pl.,Respect
der,Oberkörper,Oberkörper,Torso
der,Humor,kein Pl.,Humor
der,Mord,Morde,Killing/Murder
die,Schachtel,Schachteln,Box
die,Anrufer,Anrufer,Caller
der,Beamte,Beamten,Officer/Official
der,Liebhaber,Liebhaber,Lover
die,Wäsche,kein Pl.,Laundry/Wash
das,Kichern,kein Pl.,Chuckle/Giggle
der,Kämpfer,Kämpfer,Fighter
das,Cockpit,Cockpits,Cockpit
die,Spinne,Spinnen,Spider
das,Spielzeug,Spielzeuge,Toy
das,Maß,Maße,Measure
der,Dank,Danksagungen,Thanks/Thanksgiving
der,Japaner,Japaner,Japanese
die,Seele,Seelen,Soul
der,Teig,Teige,Dough
der,Reiter,Reiter,Rider
die,Plage,Plagen,Plague
das,Gleichgewicht,kein Pl.,Balance
die,Ecke,Ecken,Corner
die,Tinte,kein Pl.,Ink
der,Butler,Diener,Butler
das,Halten,Halten,Hold
der,Roller,Roller,Roller
der,Fremde,Fremden,Stranger
der,Weg,Wege,Path/Way
das,Kleid,Kleider,Dress
der,Wettkampf,Wettkämpfe,Contest
der,Besitz,kein Pl.,Possession
der,Jäger,Jäger,Hunter
der,Film,Filme,Film/Movie
die,Vermietung,Vermietungen,Rental
die,DNA,kein Pl.,Dna
der,Streifen,Streifen,Streak/Stripe
das,Vorbeigehen,Vorbeigehen,Passing
die,Berührung,Berührungen,Touch
die,Sauce,Saucen,Sauce
das,Grundstück,Grundstücke,Lot
die,Begrüßung,Begrüßungen,Welcome
der,Tee,Tees,Tea
der,Schmerz,Schmerzen,Ache/Pain
der,Mann,Männer,Male/Man
die,Krise,Krisen,Crisis
der,Rabe,Raben,Raven
das,Stöhnen,Stöhne,Groan/Moan
der,Rucksack,Rucksäcke,Backpack
die,Nacktschnecke,Nacktschnecke,Slug
die,Pflicht,Pflichten,Duty
das,Gänseblümchen,Gänseblümchen,Daisy
der,Schrott,kein Pl.,Scrap
das,Schema,Schemata,Scheme
die,Zivilisation,Zivilisationen,Civilization
die,Freilassung,Freilassungen,Release
die,Laterne,Laternen,Lantern
der,Kühler,Kühler,Cooler
der,Klassenkamerad,Klassenkameraden,Classmate
der,Jugendliche,Jugendlichen,Teen
die,Lodge,Lodges,Lodge
der,Gefallen,Gefallen,Favor
der,Teich,Teiche,Pond
das,Ehrfurcht,kein Pl.,Awe
das,Elfenbein,kein Pl.,Ivory
die,Fabrik,Fabriken,Factory
die,Familie,Familien,Family
die,Aufgabe,Aufgaben,Assignment/Chore
das,Kochen,kein Pl.,Cooking
die,Atmosphäre,Atmosphären,Atmosphere
das,Gefäß,Gefäße,Vessel
der,Gehweg,Gehwege,Pavement/Walkway
die,Eins,kein Pl.,One
das,Rätsel,Rätsel,Puzzle
die,Vermutung,Vermutungen,Guess
das,Schiff,Schiffe,Ship
der,Partner,Partner,Partner
die,Kirche,Kirchen,Church
das,Pack,Packs,Pack
die,Wüste,Wüsten,Desert
die,Hilfe,Hilfen,Aid/Assistance
die,Theke,Theken,Counter
der,Junge,Jungen,Boy/Lad
das,Terminal,Terminals,Terminal
die,Prärie,Prärien,Prairie
der,Monat,Monate,Month
der,Fels,Felsen,Boulder
der,Vertrag,Verträge,Contract
der,Schottenkaro,Schottenkaros,Plaid
das,Innere,kein Pl.,Inside/Interior
das,Vergnügen,Vergnügen,Pleasure
die,Medaille,Medaillen,Medal
die,Anfrage,Anfragen,Inquiry/Request
der,Applaus,kein Pl.,Applause
die,Kinderzimmer,Kinderzimmer,Nursery
der,Impuls,Impulse,Impulse
das,Krankenhaus,Krankenhäuser,Hospital
die,Rinde,Rinden,Bark
der,Truthahn,Truthähne,Turkey
die,Verfolgung,Verfolgungen,Pursuit
die,Wiese,Wiesen,Meadow
die,Nachbarschaft,Nachbarschaften,Neighborhood
der,Ehrgeiz,kein Pl.,Ambition
das,Wunder,Wunder,Miracle/Wonder
der,Vergleich,Vergleiche,Comparison
der,Fisch,Fische,Fish
der,Erzähler,Erzähler,Narrator
das,Grollen,Grollen,Rumble
der,Abfall,kein Pl.,Waste
die,Biene,Bienen,Bee
die,Person,Personen,Person
die,Kontrolle,Kontrollen,Control
die,Fledermaus,Fledermäuse,Bat
das,Grau,kein Pl.,Gray
die,Start- und Landebahn,Start- und Landebahnen,Runway
die,Leber,Lebern,Liver
der,Gin,kein Pl.,Gin
das,Schicksal,kein Pl.,Destiny/Fate
die,Kathedrale,Kathedralen,Cathedral
das,Knie,Knie,Knee
das,Bad,Bäder,Bath
die,Mühle,Mühlen,Mill
das,Symptom,Symptome,Symptom
das,Volk,kein Pl.,Folk
die,Wange,Wangen,Cheek
die,Schürze,Schürzen,Apron
der,Mechanismus,Mechanismen,Mechanism
die,Tour,Touren,Tour
die,Tasse,Tassen,Cup
das,Ergebnis,Ergebnisse,Result
der,Wind,Winde,Wind
die,Schaufel,Schaufeln,Shovel
das,Talent,Talente,Talent
der,Regenmantel,Regenmäntel,Raincoat
der,Ausdruck,Ausdrücke,Expression
der,Gefangene,Gefangenen,Prisoner
der,Waggon,Waggons,Wagon
der,Brunnen,Brunnen,Fountain
das,Level,Level,Level
der,Lippenstift,Lippenstifte,Lipstick
der,Agent,Agenten,Agent
die,Glut,Glüten,Ember
der,Vorhang,Vorhänge,Curtain
das,Fahrzeug,Fahrzeuge,Vehicle
der,Besuch,Besuche,Visit
der,Stier,Stiere,Bull
das,Messer,Messer,Knife
das,Bauernhaus,Bauernhäuser,Farmhouse
der,Delphin,Delfine,Dolphin
die,Erkenntnis,Erkenntnisse,Realization
das,Argument,Argumente,Argument
das,Artefakt,Artefakte,Artifact
die,Lichtung,Lichtungen,Clearing
der,Vorteil,Vorteile,Advantage
die,Mitternacht,kein Pl.,Midnight
das,Blau,kein Pl.,Blue
das,Praktikum,Praktika,Internship
die,Position,Positionen,Position
der,Traktor,Traktoren,Tractor
der,Zustand,Zustände,Condition/State
der,Grill,Grills,Grill
der,Ordner,Ordner,Folder
der,Meter,Meter,Meter
das,Baby,Babys,Baby
der,Vogel,Vögel,Bird
das,Angebot,Angebote,Offer/Offering
das,Zögern,kein Pl.,Hesitation
das,Hauptquartier,Hauptquartiere,Headquarters
der,Einheimische,Einheimischen,Local
der,Stand,Stände,Booth/Stand
die,Cue,Cues,Cue
der,Zügel,Zügel,Rein
das,Projekt,Projekte,Project
das,Geschlecht,Geschlechter,Gender
der,Segen,Segen,Blessing
die,Abfolge,Abfolgen,Sequence
das,Wachstum,kein Pl.,Growth
der,Link,Links,Link
die,Vergangenheit,kein Pl.,Past
der,Botschafter,Botschafter,Ambassador
der,Elefant,Elefanten,Elephant
der,Fuchs,Füchse,Fox
der,Zeuge,Zeugen,Witness
der,Blick,Blicke,Gaze/Glance
die,Union,Unionen,Union
die,Wurst,Würste,Sausage
der,Krug,Krüge,Jug/Pitcher
der,Tod,Tode,Death
der,Fingernagel,Fingernägel,Fingernail
das,Angeln,kein Pl.,Fishing
die,kurze Hose,kurze Hosen,Shorts
die,Kruste,Krusten,Crust
der,Nerv,Nerven,Nerve
das,Aufblitzen,Aufblitzen,Glint
die,Umgebung,Umgebungen,Surroundings
der,Service,Services,Service
die,Zeichnung,Zeichnungen,Drawing
die,Tasche,Taschen,Bag/Pocket
der,Feiertag,Feiertage,Holiday
der,Muskel,Muskeln,Muscle
die,Öffentlichkeit,kein Pl.,Public
der,Zuschuss,Zuschüsse,Subsidy
die,Grenze,Grenzen,Border/Boundary
das,Schnäppchen,Schnäppchen,Bargain
der,Appetit,kein Pl.,Appetite
der,Samen,Samen,Seed
die,Kehle,Kehlen,Throat
die,Jagd,kein Pl.,Chase/Hunt
die,Krabbe,Krabben,Crab
das,Hämmern,kein Pl.,Pounding
der,Burger,Burger,Burger
die,Straße,Straßen,Road/Street
der,Anhänger,Anhänger,Trailer
die,Akademie,Akademien,Academy
die,Fähigkeit,Fähigkeiten,Ability/Skill
das,Wesen,Wesen,Being/Entity
der,Asteroid,Asteroiden,Asteroid
das,Gewirr,Gewirre,Tangle
die,Lizenz,Lizenzen,License
das,Gewürz,Gewürze,Spice
das,Regal,Regale,Rack/Shelf
die,Mode,kein Pl.,Fashion/Mode
die,Schnecke,Schnecken,Snail
der,Gürtel,Gürtel,Belt
die,Vereinigung,Vereinigungen,Association
der,Senator,Senatoren,Senator
das,Picknick,Picknicks,Picnic
die,Schwäche,Schwächen,Weakness
der,Bezirk,Bezirke,County/District
die,Überwachung,kein Pl.,Surveillance
der,Sarg,Särge,Coffin
das,Adel,kein Pl.,Gentry
die,Bedeutung,Bedeutungen,Importance/Meaning
der,Sturm,Stürme,Gale/Storm
die,Kommunikation,Kommunikationen,Communication
der,Granit,kein Pl.,Granite
der,Begriff,Begriffe,Term
die,Kurve,Kurven,Bend/Curve
das,Gewissen,Gewissen,Conscience
der,Lupfer,Lupfen,Dig
der,Palast,Paläste,Palace
die,Temperatur,Temperaturen,Temperature
die,Sache,Sachen,Thing
das,Gerät,Geräte,Device
der,Regen,Regen,Rain
die,Marina,Marinas,Marina
die,Inspektion,Inspektionen,Inspection
das,Gas,kein Pl.,Gas
die,Beute,kein Pl.,Prey
die,Arbeit,kein Pl.,Work
der,Frosch,Frösche,Frog
der,Alarm,Alarme,Alarm
die,Herausforderung,Herausforderungen,Challenge
die,Hecke,Hecken,Hedge
das,Trinken,kein Pl.,Drinking
das,Esszimmer,Esszimmer,Dining
der,Schnee,kein Pl.,Snow
der,Chor,Chöre,Choir/Chorus
die,Bedrohung,Bedrohungen,Threat
die,Stirn,Stirnen,Forehead
die,Maske,Masken,Mask
das,Engagement,Engagements,Engagement
die,Lust,kein Pl.,Lust
die,Erweiterung,Erweiterungen,Extension
der,Puls,Pulse,Pulse
das,Nicken,Nicken,Nod
die,Rakete,Raketen,Missile/Rocket
die,Angst,kein Pl.,Fear/Anxiety
die,Bremse,Bremsen,Brake
die,Seife,Seifen,Soap
das,Grab,Gräber,Grave
der,Schock,Schocks,Shock
der,Kellner,Kellner,Waiter
die,Katastrophe,Katastrophen,Disaster
die,Gesundheit,kein Pl.,Health
der,Cutter,Cutter,Cutter
das,Monster,Monster,Monster
der,Keller,Keller,Basement/Cellar
die,Mission,Missionen,Mission
die,Baumwolle,kein Pl.,Cotton
die,Limonade,Limonaden,Soda
der,Kerl,Kerle,Fella/Fellow
die,Kirsche,Kirschen,Cherry
der,Arzt,Ärzte,Doctor/Physician
das,Fitnessstudio,Fitnessstudios,Gym
die,Witwe,Witwen,Widow
das,Tuch,Tücher,Shawl
der,Unglaube,kein Pl.,Disbelief
die,Socke,Socken,Sock
die,Ausarbeitung,Ausarbeitungen,Draft
das,Weinen,Weinen,Cry
der,Abend,Abende,Evening
die,Rede,Reden,Speech
der,Kalender,Kalender,Calendar
die,Königin,Königinnen,Queen
die,Peitsche,Peitschen,Lash/Whip
das,Loch,Löcher,Hole
das,Silber,kein Pl.,Silver
der,Rekord,Rekorde,Record
das,Paar,Paare,Couple/Pair
die,Brise,Brisen,Breeze
der,Kiefer,Kiefer,Jaw/Pine
der,Baum,Bäume,Tree
das,Gerichtsgebäude,Gerichtsgebäude,Courthouse
der,Hit,Hits,Hit
der,Keks,Kekse,Biscuit/Cookie
das,Fach,Fächer,Subject
der,Zauber,Zauber,Spell
das,Opfer,Opfer,Sacrifice/Victim
das,Fett,Fette,Fat/Grease
der,Basketball,kein Pl.,Basketball
das,Entsetzen,kein Pl.,Dismay
das,Kostüm,Kostüme,Costume
die,Menge,Mengen,Amount/Mob
die,Erklärung,Erklärungen,Explanation
das,Patch,Patches,Patch
die,Aufregung,kein Pl.,Commotion/Excitement
die,Sorge,Sorgen,Care/Concern
die,Kälte,kein Pl.,Cold
der,Schatten,Schatten,Shade/Shadow
der,Herzog,Herzog,Duke
der,Erpel,Erpel,Drake
die,Entwicklung,Entwicklungen,Development
der,Herd,Herde,Stove
die,Möhre,Möhren,Carrot
die,Beobachtung,Beobachtungen,Observation
der,Experte,Experten,Expert
der,Zusammenbruch,Zusammenbrüche,Collapse
das,Team,Teams,Team
der,Kontext,Kontexte,Context
die,Harmonie,Harmonien,Harmony
die,Sekunde,Sekunden,Second
die,Literatur,kein Pl.,Literature
der,Tarif,Tarife,Rate
der,Hain,Haine,Grove
der,Strom,Ströme,Current/Electricity
die,Böe,Böen,Gust
das,Nest,Nester,Nest
der,Zoo,Zoos,Zoo
der,Schmutz,kein Pl.,Dirt
der,Kommentar,Kommentare,Comment
das,Flugzeug,Flugzeuge,Aircraft/Airplane
die,Idee,Ideen,Idea/Notion
die,Revolution,Revolutionen,Revolution
die,Papierarbeit,kein Pl.,Paperwork
die,Krawatte,Krawatten,Tie
die,Säule,Säulen,Column/Pillar
die,Leere,kein Pl.,Emptiness/Void
der,Bergarbeiter,Bergarbeiter,Miner
die,Technologie,Technologien,Technology
die,Option,Optionen,Option
der,Sammler,Sammler,Collector
der,Eindruck,Eindrücke,Impression
die,Schwester,Schwestern,Sister
die,Erdbeere,Erdbeeren,Strawberry
das,Schwimmen,kein Pl.,Swimming
das,Deck,Decks,Deck
der,Pfannkuchen,Pfannkuchen,Pancake
die,Definition,Definitionen,Definition
der,Aufenthalt,Aufenthalte,Stay
das,Tattoo,Tattoos,Tattoo
der,Schwindel,Schwindel,Con
die,Maschine,Maschinen,Machine
die,Jasmin,Jasmin,Jasmine
der,Schließfach,Schließfächer,Locker
die,Steuer,Steuern,Tax
der,Pick-up,Pick-ups,Pickup
der,Graf,Grafen,Count/Earl
die,Kopfschmerzen,Kopfschmerzen,Headache
das,Gehirn,Gehirne,Brain
die,Küche,Küchen,Kitchen
das,Gesicht,Gesichter,Face
der,Start,Starts,Launch/Start
der,Bruder,Brüder,Brother
die,Tiefe,Tiefen,Depth
die,Batterie,Batterien,Battery
der,General,Generäle,General
das,Zifferblatt,Zifferblätter,Dial
die,Tomate,Tomaten,Tomato
das,Medikament,Medikamente,Drug
das,Sumpf,Sümpfe,Marsh/Swamp
die,Wirbelsäule,Wirbelsäulen,Spine
die,Turnschuhe,Turnschuhe,Sneakers
das,Teilchen,Teilchen,Particle
der,Hubschrauber,Hubschrauber,Chopper/Helicopter
der,Bewohner,Bewohner,Resident
das,Düsenflugzeug,Düsenflugzeuge,Jet
der,Opa,Opas,Grandpa
die,Mine,Minen,Mine
der,Kern,Kerne,Core
die,Station,Stationen,Ward
der,Berg,Berge,Mountain
der,Papst,Päpste,Pope
die,Kerze,Kerzen,Candle
der,Transport,Transporte,Transport
die,Mutter,Mütter,Mother/Mom
die,Handvoll,Handvoll,Handful
das,Blut,kein Pl.,Blood
die,Routine,Routinen,Routine
das,Gehen,kein Pl.,Walking
der,Verlierer,Verlierer,Loser
die,Religion,Religionen,Religion
die,Iris,Irisse,Iris
der,Stoppel,Stoppeln,Stubble
die,Pflanze,Pflanzen,Plant
die,Fliege,Fliegen,Fly
das,Backup,Backups,Backup
das,Chaos,kein Pl.,Chaos
der,Bogenschütze,Bogenschützen,Archer
die,Überlegung,Überlegungen,Consideration
das,Reinigen,kein Pl.,Cleaning
das,Resort,Resorts,Resort
das,Gesetz,Gesetze,Law
der,Vorfahr,Vorfahren,Ancestor
der,Zahn,Zähne,Fang/Tooth
der,Stellvertreter,Stellvertreter,Deputy
der,Schuss,Schüsse,Shot
der,Mythos,Mythen,Myth
die,Eisenbahn,Eisenbahnen,Railroad
das,Land,Länder,Country/Land
der,Bestand,Bestände,Stock
das,Kap,Kaps,Cape
die,Mitte,kein Pl.,Middle
der,Smartphone,Smartphones,Smartphone
die,Marke,Marken,Brand
der,Grund,Gründe,Reason
die,Zufriedenheit,Zufriedenheit,Satisfaction
die,Kontur,Konturen,Outline
der,Bus,Busse,Bus
das,Wohnzimmer,Wohnzimmer,Living
die,Karriere,Karrieren,Career
die,Nachricht,Nachrichten,Message
das,Gepäck,kein Pl.,Luggage
die,Münze,Münzen,Coin
die,Luke,Luken,Hatch
der,Fang,Fänge,Catch
die,Galaxie,Galaxien,Galaxy
die,Zange,Zangen,Pliers
der,Geist,Geister,Ghost/Spirit
der,Dollar,Dollars,Buck
die,Kopfhaut,Kopfhäute,Scalp
die,Dienstmädchen,Dienstmädchen,Maid
das,Schlagen,kein Pl.,Beating
der,Befehl,Befehle,Command
das,Keuchen,kein Pl.,Gasp
der,Idiot,Idioten,Git/Idiot
die,Konferenz,Konferenzen,Conference
das,Puff,Puffs,Puff
der,Aktenkoffer,Aktentaschen,Briefcase
die,Türklingel,Türklingeln,Doorbell
die,Schlucht,Schluchten,Canyon
der,Ranger,Ranger,Ranger
die,Erlaubnis,Erlaubnisse,Permission
das,Geschäft,Geschäfte,Business/Deal
der,Soldat,Soldaten,Soldier/Trooper
die,Perspektive,Perspektiven,Perspective
das,Märchen,Märchen,Tale
die,Bürste,Bürsten,Brush
das,Werkzeug,Werkzeuge,Tool
der,Hecht,Hechte,Pike
die,Planke,Planken,Plank
der,Haufen,Haufen,Heap
die,Butter,kein Pl.,Butter
die,Kugel,Kugeln,Bullet/Sphere
die,Schiene,Schienen,Rail
die,Versicherung,Versicherungen,Insurance
der,Sprung,Sprünge,Hop/Jump
die,Unwissenheit,kein Pl.,Ignorance
das,Floß,Floße,Raft
das,Mitglied,Mitglieder,Member
die,Geschichte,Geschichten,History/Story
das,Englisch,kein Pl.,English
die,Ehre,kein Pl.,Honor
der,Zucker,kein Pl.,Sugar
die,Sicherheit,Sicherheiten,Safety/Security
das,Bein,Beine,Leg
die,Sirene,Sirenen,Siren
die,Strahlung,Strahlungen,Radiation
der,Aschenbecher,Aschenbecher,Ashtray
die,Unterhaltung,Unterhaltungen,Entertainment
die,Kutsche,Kutschen,Carriage
die,Blase,Blasen,Bubble
der,Verschluss,Verschlüsse,Shutter
die,Irritation,Irritationen,Irritation
der,Zement,kein Pl.,Cement
das,Hinken,Hinken,Limp
der,Überrest,Überreste,Remnant
die,Erfahrung,Erfahrungen,Experience
der,Vorarbeiter,Vorarbeiter,Foreman
das,Bewusstsein,kein Pl.,Awareness/Consciousness
der,Tropfen,Tropfen,Drop
die,Bräune,Bräunen,Tan
das,Spritzen,Spritzen,Splash
das,Viertel,Viertel,Quarter
der,Krieger,Krieger,Warrior
die,Schwalbe,Schwalben,Swallow
der,Eimer,Eimer,Bucket
der,Container,Container,Container
das,Tagebuch,Tagebücher,Diary
die,Bindung,Bindungen,Bond
der,Stamm,Stämme,Strain/Tribe
der,Empfangsmitarbeiter,Empfangsmitarbeiter,Receptionist
die,Umstände,kein Pl.,Circumstance
der,Staub,kein Pl.,Dust
der,Lorbeer,Lorbeeren,Laurel
der,Darm,kein Pl.,Gut
das,Korn,Körner,Grain
die,Bronze,kein Pl.,Bronze
der,Asphalt,kein Pl.,Asphalt
das,Wasser,kein Pl.,Water
das,Management,kein Pl.,Management
die,Schildkröte,Schildkröten,Turtle
der,Gedanke,Gedanken,Thought
die,Erwartung,Erwartungen,Expectation
die,Aussage,Aussagen,Statement
der,Kredit,Kredite,Credit
die,Ablenkung,Ablenkungen,Distraction
der,Bote,Boten,Messenger
die,Narbe,Narben,Scar
der,Supermarkt,Supermärkte,Supermarket
die,Begeisterung,kein Pl.,Enthusiasm
der,Duft,Düfte,Scent
der,Nachgiebigkeit,kein Pl.,Resilience
der,Schwarm,Schwärme,Crush
der,Empfänger,Empfänger,Receiver
der,Busch,Büsche,Bush
der,Dorfbewohner,Dorfbewohner,Villager
die,Leidenschaft,Leidenschaften,Passion
die,Abfahrt,Abfahrten,Departure
das,Taxi,Taxis,Cab/Taxi
der,Zehncent,Zehncents,Dime
die,Maultier,Maultiere,Mule
die,Schulter,Schultern,Shoulder
die,Datei,Dateien,File
die,Zehe,Zehen,Toe
der,Pier,Piers,Pier
die,Realität,Realitäten,Reality
das,Gebiet,Gebiete,Area/Territory
die,Brust,Brüste,Breast/Chest
die,Armee,Armeen,Army
die,Magie,kein Pl.,Magic
die,Schrift,Schriften,Writing
der,Indianer,Indianer,Indian
das,Unkraut,kein Pl.,Weed
die,Wurzel,Wurzeln,Root
der,Kürbis,Kürbisse,Pumpkin
die,Rolle,Rollen,Role/Roll
die,Medien,kein Pl.,Media
der,Pantoffel,Pantoffel,Slipper
die,Klinge,Klingen,Blade
der,Flüchtling,Flüchtlinge,Refugee
der,Preis,Preise,Price/Prize
der,Stress,kein Pl.,Stress
der,Koffer,Koffer,Suitcase
der,Umhang,Umhänge,Cloak/Robe
das,Corps,Cores,Corps
der,Ursprung,Ursprünge,Origin
die,Hausaufgabe,Hausaufgaben,Homework
die,Institution,Institutionen,Institution
die,Größe,Größen,Size
die,Allee,Alleen,Avenue
die,Vielfalt,Vielfalten,Variety
der,Lachs,Lachse,Salmon
der,Welpe,Welpen,Puppy
das,Fliegen,kein Pl.,Flying
der,Vorschlag,Vorschläge,Proposal/Suggestion
der,Professor,Professoren,Professor
das,Wetter,kein Pl.,Weather
das,Manuskript,Manuskripte,Manuscript
die,Logik,kein Pl.,Logic
die,Klippe,Klippen,Cliff
der,Fluch,Flüche,Curse
der,Troll,Trolle,Troll
die,Schiefertafel,Schiefertafeln,Slate
das,Bündel,Bündel,Bundle
die,Trauer,kein Pl.,Grief/Sadness
der,Huf,Hufe,Hoof
die,Intelligenz,kein Pl.,Intelligence
die,Entdeckung,Entdeckungen,Discovery
das,Lumpen,Lumpen,Rag
der,Anblick,Anblicke,Sight
das,Konzert,Konzerte,Concert
die,Schönheit,Schönheiten,Beauty/Belle
der,Innenhof,Innenhöfe,Courtyard
die,Kultur,Kulturen,Culture
der,Kies,kein Pl.,Gravel
der,Umschlag,Umschläge,Envelope
der,Boom,Booms,Boom
der,Damm,Dämme,Dam
die,Fingerspitze,Fingerspitzen,Fingertip
die,Serie,Serien,Series
das,Einfrieren,Einfrierungen,Freeze
das,Aussehen,kein Pl.,Appearance
die,Truhe,Truhen,Chest
der,Funke,Funken,Spark
der,Träger,Träger,Carrier
die,Flamme,Flammen,Flame
das,Jahrhundert,Jahrhunderte,Century
der,Beweis,Beweise,Evidence/Proof
die,Wohnung,Wohnungen,Apartment
die,Qualle,Quallen,Jellyfish
die,Schlagzeile,Schlagzeilen,Headline
die,Debatte,Debatten,Debate
der,Schweiß,kein Pl.,Sweat
der,Reiz,Reize,Appeal
die,Taube,Tauben,Dove/Pigeon
der,Verleger,Verleger,Publisher
die,Portion,Portionen,Portion
der,Bruchteil,Bruchteile,Fraction
die,Herde,Herde,Flock/Herd
die,Meinung,Meinungen,Opinion
die,Jury,Jurys,Jury
der,Rand,Ränder,Edge/Fringe
das,Rezept,Rezepte,Recipe
die,Aktion,Aktionen,Action
die,Abwesenheit,kein Pl.,Absence
das,Selbst,kein Pl.,Self
die,Gerechtigkeit,kein Pl.,Justice
der,Sensor,Sensoren,Sensor
die,Forelle,Forellen,Trout
der,Satin,kein Pl.,Satin
die,Augenbraue,Augenbrauen,Eyebrow
der,Rang,Ränge,Rank
das,Brötchen,Brötchen,Patty
das,Produkt,Produkte,Product
der,Instinkt,Instinkte,Instinct
die,Violine,Violinen,Violin
der,Jubel,Jubel,Cheer
die,Trommel,Trommeln,Drum
die,Emotion,Emotionen,Emotion
die,Überzeugung,Überzeugungen,Conviction
die,Tragödie,Tragödien,Tragedy
die,Nase,Nasen,Nose
der,Großvater,Großväter,Grandfather
der,Farbton,Farbtöne,Hue
der,Anker,Anker,Anchor
der,Läufer,Läufer,Runner
der,Barkeeper,Barkeeper,Bartender
das,Brot,kein Pl.,Bread
der,Akt,Akte,Act
die,Träne,Tränen,Tear
der,Ausbruch,Ausbrüche,Burst
der,Geschäftsführer,Geschäftsführer,Executive
der,Teufel,Teufel,Devil
der,Zopf,Zöpfe,Braid
der,Ski,Skis,Ski
der,Haushalt,Haushalte,Budget/Household
das,Grunzen,Grunzen,Grunt
der,Herbst,Fälle,Autumn/Fall
der,Hügel,Hügel,Hill/Hillside
das,Gras,Gräser,Grass
die,Landung,Landungen,Landing
die,Zeder,Zedern,Cedar
das,Plus,kein Pl.,Plus
der,Erbe,Erben,Heir/Inheritance
die,Welle,Wellen,Ripple/Wave
die,Schwärze,kein Pl.,Blackness
die,Armut,Armut,Poverty
der,Stapel,Stapel,Pile/Stack
die,Energie,kein Pl.,Energy
das,Ingenieurwesen,kein Pl.,Engineering
die,Basis,Basen,Base/Basis
der,Feind,Feinde,Enemy
die,Stille,kein Pl.,Silence/Stillness
die,Sonne,Sonnen,Sun
das,Kraut,Kräuter,Herb
der,Operator,Operatoren,Operator
die,Wunde,Wunden,Wound
der,Geschäftsmann,Geschäftsleute,Businessman
der,Pfad,Pfade,Trail
der,Mensch,Menschen,Human
das,College,Colleges,College
die,Suche,Suchen,Search
der,Urlaub,Urlaube,Leave/Vacation
die,Geduld,kein Pl.,Patience
die,Limousine,Limousinen,Limo/Sedan
die,Dose,Dosen,Can/Tin
die,Leinwand,Leinwände,Canvas
die,Straftat,Straftaten,Offense
das,Laufen,kein Pl.,Running
die,Plattform,Plattformen,Platform
der,Salat,Salate,Salad
die,Freundlichkeit,Freundlichkeiten,Kindness
der,Shake,Shakes,Shake
das,Zuhause,Zuhause,Home
der,Vorgesetzte,Vorgesetzten,Supervisor
der,Chef,Chefs,Boss
die,Sternschnuppe,Sternschnuppen,Shooting star
der,Papa,Papas,Daddy
die,Schlacht,Schlachten,Battle
die,Eifersucht,kein Pl.,Jealousy
die,Antenne,Antennen,Antenna
das,Geschwister,Geschwister,Sibling
der,Rasen,Rasen,Lawn
der,Finger,Finger,Finger
der,Kaffee,Kaffees,Coffee
der,Hals,Hälse,Neck/Throat
der,Einfluss,Einflüsse,Influence
das,Gefühl,Gefühle,Feeling
der,Kandidat,Kandidaten,Candidate
das,Merkmal,Merkmale,Feature
der,Rücken,Rücken,Back
das,Matte,Matten,Mat
das,Klingeln,kein Pl.,Ringing
die,Sensation,Sensationen,Sensation
die,Erde,kein Pl.,Earth
der,Nervenkitzel,Nervenkitzel,Thrill
das,Programm,Programme,Program
das,Sonnenlicht,kein Pl.,Sunlight
die,Ausrüstung,kein Pl.,Equipment
der,Sommer,Sommer,Summer
der,Zungenbrecher,Zungenbrecher,Tongue twister
der,Strahl,Strahlen,Beam/Ray
die,Ebene,Ebenen,Plain
der,Griff,Griffe,Grasp/Grip
das,Heulen,Heulungen,Howl
das,Museum,Museen,Museum
die,Oberfläche,Oberflächen,Surface
die,Legende,Legenden,Legend
das,Lager,Lager,Camp/Warehouse
die,Minute,Minuten,Minute
die,Garage,Garagen,Garage
der,Dialog,Dialoge,Dialogue
der,Leutnant,Leutnants,Lieutenant
die,Halskette,Halsketten,Necklace
das,Reden,kein Pl.,Talking
der,Verbündete,Verbündeten,Ally
der,Pelz,Felle,Fur
der,Schlüssel,Schlüssel,Key
der,Dolch,Dolche,Dagger
der,Strich,Striche,Dash
die,Suite,Suiten,Suite
die,Menschheit,kein Pl.,Humanity
der,Klang,Klänge,Sound
das,Buch,Bücher,Book
das,Gegensprechanlage,Gegensprechanlagen,Intercom
die,Zitrone,Zitronen,Lemon
das,Kissen,Kissen,Cushion/Pad
der,Platz,Plätze,Plaza
der,Apfel,Äpfel,Apple
das,Zeug,kein Pl.,Stuff
die,Gewalt,kein Pl.,Violence
das,Ass,Asse,Ace
der,Strumpf,Strümpfe,Stocking
die,Locke,Locken,Curl
die,Verwandtschaft,kein Pl.,Kin
das,Zwinkern,Zwinkern,Wink
die,Übung,Übungen,Exercise/Practice
die,Bewunderung,kein Pl.,Admiration
der,Stachel,Stacheln,Spike
die,Kanone,Kanonen,Cannon
der,Kuss,Küsse,Kiss
die,Besessenheit,Besessenheiten,Obsession
der,Schaum,Schäume,Foam
die,Einstellung,Einstellungen,Attitude/Setting
der,Präsident,Präsidenten,President
die,Linie,Linien,Line
der,Haarschnitt,Haarschnitte,Haircut
das,Virus,Viren,Virus
das,Büro,Büros,Bureau/Office
der,Kuchen,Kuchen,Cake/Pie
der,Dampf,kein Pl.,Steam
die,Brücke,Brücken,Bridge
das,Foyer,Foyers,Foyer
die,Disziplin,kein Pl.,Discipline
die,Strecke,Strecken,Track
die,Heilung,Heilungen,Cure
der,Deckel,Deckel,Lid
die,Besatzung,Besatzungen,Crew
der,Krater,Krater,Crater
der,Mörder,Mörder,Killer/Murderer
die,Qualität,Qualitäten,Quality
die,Höhle,Höhlen,Cave/Cavern
die,Haltung,Haltungen,Posture
die,Ersparnisse,kein Pl.,Saving
der,Standard,Standards,Standard
der,Abstieg,Abstiege,Descent
der,Riss,Risse,Crack
der,Lauf,Läufe,Run
das,Auditorium,Auditorien,Auditorium
die,Ente,Enten,Duck
das,Erwachen,Erwachen,Wake
die,Sackkarre,Sackkarren,Dolly
die,Pumpe,Pumpen,Pump
das,Foto,Fotos,Photo
die,Anweisung,Anweisungen,Instruction
der,Sieger,Sieger,Victor
der,Moment,Momente,Moment
der,Krieg,Kriege,War
das,Schlafzimmer,Schlafzimmer,Bedroom
die,Unterschrift,Unterschriften,Signature
die,Kombination,Kombinationen,Combination
der,Stretch,kein Pl.,Stretch
die,Bluse,Blusen,Blouse
der,Kloß,Klöße,Lump
die,Lanze,Lanzen,Lance
der,Zweifel,Zweifel,Doubt
der,Sattel,Sättel,Saddle
der,Lautsprecher,Lautsprecher,Speaker
die,Kluft,Klüfte,Crevice
der,König,Könige,King
der,Turm,Türme,Tower
der,Husten,Husten,Cough
das,Tal,Täler,Glen/Valley
der,Aufsatz,Aufsätze,Essay
das,Organ,Organe,Organ
der,Absatz,Absätze,Heel
die,Geste,Gesten,Gesture
der,Tabak,kein Pl.,Tobacco
der,Oberst,Obersten,Colonel
das,Taschentuch,Taschentücher,Handkerchief
das,Muster,Muster,Pattern/Sample
die,Post,Posten,Mail/Post
der,Hass,kein Pl.,Hatred
das,Auto,Autos,Car
die,Verzweiflung,kein Pl.,Despair/Desperation
der,Hund,Hunde,Dog/Hound
das,Kleinkind,Kleinkinder,Infant
das,Eigentum,kein Pl.,Belongings
die,Laune,Launen,Mood
der,Polizist,Polizisten,Policeman
das,Instrument,Instrumente,Instrument
die,Sehnsucht,Sehnsüchte,Longing
der,Matrose,Matrosen,Sailor
der,Traum,Träume,Dream
der,Stiel,Stiele,Stem
der,Dunst,kein Pl.,Haze
das,Glück,kein Pl.,Fortune/Happiness
das,Dreieck,Dreiecke,Triangle
das,Shuttle,Shuttle,Shuttle
der,Fotograf,Fotografen,Photographer
die,Form,Formen,Form/Shape
die,Groll,Groll,Resentment
der,Rabbi,Rabbiner,Rabbi
die,Unterbrechung,Unterbrechungen,Interrupt
der,Friseur,Friseure,Barber
der,Journalist,Journalisten,Journalist
das,Schießen,kein Pl.,Shooting
das,Stipendium,Stipendien,Grant
die,Morgendämmerung,Morgendämmerungen,Dawn
die,Polizei,kein Pl.,Police
das,Haus,Häuser,House
die,Schublade,Schubladen,Drawer
die,Aussicht,Aussichten,Prospect/View
die,Steppdecke,Steppdecken,Quilt
der,Mitbewohner,Mitbewohner,Roommate
der,Horror,kein Pl.,Horror
das,Paradies,Paradiese,Paradise
der,Sonnenuntergang,Sonnenuntergänge,Sunset
die,Natur,kein Pl.,Nature
der,Kamerad,Kameraden,Comrade/Mate
der,Körper,Körper,Body
die,Kartoffel,Kartoffeln,Potato
die,Linke,kein Pl.,Left
der,Wissenschaftler,Wissenschaftler,Scientist
der,Seehund,Seehunde,Seal
der,Arbeitgeber,Arbeitgeber,Employer
das,Logo,Logos,Logo
die,Frau,Frauen,Female/Woman
die,Barriere,Barrieren,Barrier
das,Glas,Gläser,Glass/Jar
der,Reservat,Reservate,Reserve
der,Einzelgänger,Einzelgänger,Maverick
das,Klassenzimmer,Klassenzimmer,Classroom
das,Anschwellen,Anschwellen,Swell
der,Politiker,Politiker,Politician
das,Zittern,Zittern,Shiver
die,Einführung,Einführungen,Introduction
der,Helm,Helme,Helmet
der,Schlafanzug,Schlafanzüge,Pajamas
der,Nutzen,Nutzen,Benefit
der,Gewinn,Gewinne,Profit
die,Gewissheit,Gewissheiten,Certainty
der,Tierarzt,Tierärzte,Vet
die,Fantasie,kein Pl.,Fantasy/Imagination
der,Slip,Slips,Panties
der,Kühlschrank,Kühlschränke,Fridge
die,Erinnerung,Erinnerungen,Memory/Reminder
die,Belastung,Belastungen,Burden
das,Gespräch,Gespräche,Conversation/Talk
der,Selbstmord,Selbstmorde,Suicide
der,Gemüt,kein Pl.,Temper
der,Freund,Freunde,Boyfriend/Friend
das,Leiden,kein Pl.,Suffering
die,Miete,Mieten,Rent
das,Kamel,Kamele,Camel
die,Erschöpfung,kein Pl.,Exhaustion
der,Horizont,Horizonte,Horizon
der,Koch,Köche,Cook/Chef
die,Rücksitzbank,Rücksitzbänke,Backseat
die,Zahlung,Zahlungen,Payment
das,Lied,Lieder,Carol/Song
die,Nummer,Nummern,Number
der,Dekan,Dekane,Dean
die,Erwähnung,Erwähnungen,Mention
die,Rüstung,Rüstungen,Armor
die,Klaue,Klauen,Claw
der,Typ,Typen,Dude
der,Elternteil,Elternteile,Parent
der,Richter,Richter,Judge
das,Heck,kein Pl.,Rear
die,Vase,Vasen,Vase
der,Sinn,Sinne,Sense
der,Mönch,Mönche,Monk
das,Rindvieh,kein Pl.,Cattle
der,Hintern,Hintern,Ass/Butt
die,Intimität,kein Pl.,Intimacy
der,Attentäter,Attentäter,Assassin
die,Wirtschaft,Wirtschaften,Economy
der,Zwerg,Zwerge,Dwarf
das,Alien,Aliens,Alien
die,Untersuchung,Untersuchungen,Investigation
die,Veränderung,Veränderungen,Change
die,Substanz,Substanzen,Substance
der,Unterschied,Unterschiede,Difference
die,Windel,Windeln,Diaper
die,Tante,Tanten,Aunt
die,Route,Routen,Route
der,Marmor,Marmore,Marble
der,Zirkus,Zirkusse,Circus
das,T-Shirt,T-Shirts,TShirt
die,Ursache,Ursachen,Cause
das,Stereo,Stereos,Stereo
der,Halter,Halter,Holder
der,Eindringling,Eindringlinge,Intruder
die,Schwangerschaft,Schwangerschaften,Pregnancy
der,Elf,Elfen,Elf
das,Hemd,Hemden,Shirt
der,Baumstamm,Baumstämme,Log
der,Schoß,Schoß,Lap
die,Libelle,Libellen,Dragonfly
der,Osten,kein Pl.,East
die,Figur,Figuren,Figure
das,Messing,kein Pl.,Brass
der,Unsinn,kein Pl.,Nonsense
das,Kabel,Kabel,Cable/Cord
der,Atem,Atemzüge,Breath
der,Kampf,Kämpfe,Fight/Struggle
der,Dieb,Diebe,Thief
die,Nonne,Nonnen,Nun
der,Kommandant,Kommandanten,Commander
die,Bühne,Bühnen,Stage
das,Haar,Haare,Hair
die,Flöte,Flöten,Flute
die,Lösung,Lösungen,Solution
das,Radio,Radios,Radio
der,Kratzer,Kratzer,Scratch
die,Schokolade,kein Pl.,Chocolate
das,Schluchzen,kein Pl.,Sob
die,Verbindung,Verbindungen,Connection
der,Rotkehlchen,Rotkehlchen,Robin
die,Reise,Reisen,Journey/Trip
die,Wartung,kein Pl.,Maintenance
der,Abschied,kein Pl.,Farewell/Goodbye
der,Raum,Räume,Space
die,Klasse,Klassen,Class
die,Zeugenaussage,Zeugenaussagen,Testimony
die,Spannung,Spannungen,Tension
der,Ballon,Ballons,Balloon
die,Wartezeit,Wartezeiten,Wait
die,Schicht,Schichten,Layer/Shift
die,Marmelade,Marmeladen,Jam/Jelly
der,Satz,Sätze,Sentence
der,Ozean,Ozeane,Ocean
das,Küken,Küken,Chick
der,Frühling,Frühlinge,Spring
die,Metapher,Metaphern,Metaphor
die,Fahrt,Fahrten,Drive/Ride
der,Bär,Bären,Bear
der,Käfig,Käfige,Cage
der,Korridor,Korridore,Corridor
das,Urheberrecht,kein Pl.,Copyright
das,Echo,Echos,Echo
die,Industrie,Industrien,Industry
das,Feuerzeug,Feuerzeuge,Lighter
der,Verrat,Verrat,Betrayal
der,Flughafen,Flughäfen,Airport
die,Aufwärtsbewegung,kein Pl.,Up
das,Objekt,Objekte,Object
die,Galerie,Galerien,Gallery
das,Aufeinandertreffen,Aufeinandertreffen,Encounter
der,Autor,Autoren,Author
das,Häschen,Häschen,Bunny
das,Bild,Bilder,Image/Picture
die,Eile,kein Pl.,Hurry
das,Speiselokal,Speiselokale,Diner
die,Entschuldigung,Entschuldigungen,Apology/Excuse
der,Salon,Salons,Parlor/Salon
das,Quellwasser,kein Pl.,Spring water
der,Knopf,Knöpfe,Button/Knob
das,Erstaunen,kein Pl.,Amazement/Astonishment
der,Sohn,Söhne,Son
die,Sünde,Sünden,Sin
die,Geschwindigkeit,Geschwindigkeiten,Speed
die,Kabine,Kabinen,Cabin
der,Auslöser,Auslöser,Trigger
die,Briefmarke,Briefmarken,Stamp
der,Angestellte,Angestellten,Clerk
die,Crest,Crests,Crest
die,Neugierde,kein Pl.,Curiosity
die,Kreuzung,Kreuzungen,Intersection
der,Umfang,Umfänge,Extent/Perimeter
die,Gesellschaft,Gesellschaften,Society
die,Zeitlupe,Zeitlupen,Slow motion
der,Faden,Fäden,Thread
der,Ohrring,Ohrringe,Earring
das,Pulver,Pulver,Powder
das,Geländer,Geländer,Railing
das,Make-up,kein Pl.,Makeup
der,Admiral,Admirale,Admiral
die,Art,Arten,Manner/Sort
das,Atmen,kein Pl.,Breathing
die,Politik,kein Pl.,Policy/Politics
das,Herrenhaus,Herrenhäuser,Manor
die,Glühbirne,Glühbirnen,Bulb
der,Rat,Ratschläge,Advice/Council
das,Kalb,Kälber,Calf
das,Nasenloch,Nasenlöcher,Nostril
die,Unannehmlichkeit,Unannehmlichkeiten,Discomfort
das,Finish,Finish,Finish
die,Spitze,Spitzen,Peak/Top
die,Blume,Blumen,Flower
der,Faktor,Faktoren,Factor
die,Oper,Opern,Opera
die,Landschaft,Landschaften,Countryside/Landscape
die,Erleichterung,kein Pl.,Relief
die,Einkauf,Einkäufe,Shopping
die,Flasche,Flaschen,Bottle
der,Test,Tests,Test
der,Kollege,Kollegen,Colleague
die,Uniform,Uniformen,Uniform
das,Notizbuch,Notizbücher,Notebook
der,Stahl,kein Pl.,Steel
die,Seide,kein Pl.,Silk
der,Sauerstoff,kein Pl.,Oxygen
der,Karton,Kartons,Carton
das,Zwilling,Zwillinge,Twin
das,System,Systeme,System
die,Enttäuschung,Enttäuschungen,Disappointment
der,Rebell,Rebellen,Rebel
der,Frost,kein Pl.,Frost
der,Spaziergänger,Spaziergänger,Walker
das,Mehl,kein Pl.,Flour
die,Falte,Falten,Fold/Wrinkle
das,Flackern,Flackern,Flicker
das,Gefängnis,Gefängnisse,Jail/Prison
der,Wächter,Wächter,Guard/Guardian
der,Whisky,kein Pl.,Scotch/Whiskey
die,Jalousie,Jalousien,Blind
der,Ansager,Ansager,Announcer
die,Platte,Platten,Slab
der,Cluster,Cluster,Cluster
der,Laptop,Laptops,Laptop
der,Fall,Fälle,Case
der,Bischof,Bischöfe,Bishop
die,Hexe,Hexen,Witch
der,Durchgang,Durchgänge,Doorway/Passage
der,Augenblick,Augenblicke,Instant
die,Verteidigung,kein Pl.,Defense
der,Besen,Besen,Broom
das,Gift,Gifte,Poison
die,Chance,Chancen,Chance
der,Zyklus,Zyklen,Cycle
die,Couch,Couches,Couch
die,Marine,Marinen,Marine/Navy
die,Verzeihung,kein Pl.,Pardon
der,Tipp,Tipps,Tip
die,Taille,Taillen,Waist
der,Ohrwurm,Ohrwürmer,Earworm
der,Zusammenstoß,Zusammenstöße,Crash
die,Formation,Formationen,Formation
der,Büffel,Büffel,Buffalo
die,Botschaft,Botschaften,Embassy
die,Regel,Regeln,Rule
die,Party,Partys,Party
der,Rücktritt,Rücktritte,Resignation
das,Video,Videos,Video
das,Ganze,kein Pl.,Whole
der,Begleiter,Begleiter,Companion/Escort
der,Stall,Ställe,Stall
das,Schutz,Schutz,Protection/Shelter
die,Überweisung,Überweisungen,Transfer
der,Schwan,Schwäne,Swan
der,Sheriff,Sheriffs,Sheriff
das,Essen,kein Pl.,Food
die,Wolke,Wolken,Cloud
die,Qual,kein Pl.,Agony
das,Fernsehen,Fernseher,Television
der,Angriff,Angriffe,Assault/Attack
der,Klick,Klicks,Click
die,Frage,Fragen,Question
die,Hauptstadt,Hauptstädte,Capital
der,Graben,Gräben,Ditch/Trench
die,Terrasse,Terrassen,Patio/Terrace
die,Theorie,Theorien,Theory
die,Lieferung,Lieferungen,Delivery
die,Stimme,Stimmen,Voice/Vote
die,Stadt,Städte,City/Town
der,Hamburger,Hamburger,Hamburger
die,Produktion,Produktionen,Production
der,Freiwillige,Freiwilligen,Volunteer
das,Bargeld,kein Pl.,Cash
die,Rettung,Rettungen,Rescue/Salvation
das,Lächeln,Lächeln,Smile
die,Software,kein Pl.,Software
der,Bart,Bärte,Beard
die,Grube,Gruben,Pit
die,Prüfung,Prüfungen,Exam
die,Vision,Visionen,Vision
der,Kiesel,Kiesel,Pebble
das,Glied,Glieder,Limb
die,Menschenmenge,Menschenmengen,Crowd
die,Leute,Leute,People
das,Wachs,kein Pl.,Wax
der,Diakon,Diakone,Deacon
die,Hand,Hände,Hand
das,Schild,Schilder,Shield/Sign
der,Berater,Berater,Counselor
der,Pfarrer,Pfarrer,Reverend
der,Eidechse,Eidechsen,Lizard
